INSERT INTO soundseeker.rol (id, rol) VALUES (1, 'ROLE_ADMIN');
INSERT INTO soundseeker.rol (id, rol) VALUES (2, 'ROLE_CLIENTE');
INSERT INTO soundseeker.usuario (nombre_usuario, nombre, apellido, correo_electronico, bloqueado, deshabilitado, contrasena) VALUES ('admin', 'Admin', 'SoundSeeker', 'admin@soundseeker.com', 0, 0, '$2y$11$6.3zlcnmrWqWdxgg9z3DhOk3cK4VYbsRlzsyBMvJci0a93FFl04He');
INSERT INTO soundseeker.usuario (nombre_usuario, nombre, apellido, correo_electronico, bloqueado, deshabilitado, contrasena) VALUES ('agus', 'Agus', 'Barca', 'agus@soundseeker.com', 0, 0, '$2y$11$b9cWIPEo0DqRzaA5JW96TuXqh9RG5S.LJG8XlV5R1fb0yxTOgLE7G');
INSERT INTO soundseeker.usuario (nombre_usuario, nombre, apellido, correo_electronico, bloqueado, deshabilitado, contrasena) VALUES ('brian', 'Brian', 'Durán', 'brian@soundseeker.com', 0, 0, '$2y$11$b9cWIPEo0DqRzaA5JW96TuXqh9RG5S.LJG8XlV5R1fb0yxTOgLE7G');
INSERT INTO soundseeker.usuario (nombre_usuario, nombre, apellido, correo_electronico, bloqueado, deshabilitado, contrasena) VALUES ('david', 'David', 'García', 'david@soundseeker.com', 0, 0, '$2y$11$b9cWIPEo0DqRzaA5JW96TuXqh9RG5S.LJG8XlV5R1fb0yxTOgLE7G');
INSERT INTO soundseeker.usuario (nombre_usuario, nombre, apellido, correo_electronico, bloqueado, deshabilitado, contrasena) VALUES ('diego', 'Diego', 'Parula', 'diego@soundseeker.com', 0, 0, '$2y$11$b9cWIPEo0DqRzaA5JW96TuXqh9RG5S.LJG8XlV5R1fb0yxTOgLE7G');
INSERT INTO soundseeker.usuario (nombre_usuario, nombre, apellido, correo_electronico, bloqueado, deshabilitado, contrasena) VALUES ('lucia', 'Lu', 'Zanotti', 'lu@soundseeker.com', 0, 0, '$2y$11$b9cWIPEo0DqRzaA5JW96TuXqh9RG5S.LJG8XlV5R1fb0yxTOgLE7G');
INSERT INTO soundseeker.usuario (nombre_usuario, nombre, apellido, correo_electronico, bloqueado, deshabilitado, contrasena) VALUES ('mauri', 'Mauri', 'Basalo', 'mauri@soundseeker.com', 0, 0, '$2y$11$b9cWIPEo0DqRzaA5JW96TuXqh9RG5S.LJG8XlV5R1fb0yxTOgLE7G');
INSERT INTO soundseeker.usuario (nombre_usuario, nombre, apellido, correo_electronico, bloqueado, deshabilitado, contrasena) VALUES ('pedro', 'Pedro', 'de la Prieta', 'pedro@soundseeker.com', 0, 0, '$2y$11$b9cWIPEo0DqRzaA5JW96TuXqh9RG5S.LJG8XlV5R1fb0yxTOgLE7G');
INSERT INTO soundseeker.usuario (nombre_usuario, nombre, apellido, correo_electronico, bloqueado, deshabilitado, contrasena) VALUES ('uriel', 'Uriel', 'Pazos', 'uriel@soundseeker.com', 0, 0, '$2y$11$b9cWIPEo0DqRzaA5JW96TuXqh9RG5S.LJG8XlV5R1fb0yxTOgLE7G');
INSERT INTO soundseeker.roles_usuarios (nombre_usuario, rol_usuario) VALUES ('admin', 1);
INSERT INTO soundseeker.roles_usuarios (nombre_usuario, rol_usuario) VALUES ('agus', 2);
INSERT INTO soundseeker.roles_usuarios (nombre_usuario, rol_usuario) VALUES ('brian', 2);
INSERT INTO soundseeker.roles_usuarios (nombre_usuario, rol_usuario) VALUES ('david', 2);
INSERT INTO soundseeker.roles_usuarios (nombre_usuario, rol_usuario) VALUES ('diego', 2);
INSERT INTO soundseeker.roles_usuarios (nombre_usuario, rol_usuario) VALUES ('lucia', 2);
INSERT INTO soundseeker.roles_usuarios (nombre_usuario, rol_usuario) VALUES ('mauri', 2);
INSERT INTO soundseeker.roles_usuarios (nombre_usuario, rol_usuario) VALUES ('pedro', 2);
INSERT INTO soundseeker.roles_usuarios (nombre_usuario, rol_usuario) VALUES ('uriel', 2);
INSERT INTO soundseeker.token_verificacion (id, fecha_expiracion, token, nombre_usuario) VALUES (1, '2023-11-02 01:25:18', '5a105e8b-9d40-4372-9d40-eaas55f5f4f9', 'admin');
INSERT INTO soundseeker.token_verificacion (id, fecha_expiracion, token, nombre_usuario) VALUES (2, '2023-08-10 08:25:27', '550e8400-e29b-41d4-a716-446655440000', 'agus');
INSERT INTO soundseeker.token_verificacion (id, fecha_expiracion, token, nombre_usuario) VALUES (3, '2023-07-12 14:25:31', 'f47ac10b-58cc-4372-a567-0e02b2c3d479', 'brian');
INSERT INTO soundseeker.token_verificacion (id, fecha_expiracion, token, nombre_usuario) VALUES (4, '2023-08-03 08:25:46', '5a105e8b-9d40-4e3c-aaef-eaa0f5f2f4f9', 'david');
INSERT INTO soundseeker.token_verificacion (id, fecha_expiracion, token, nombre_usuario) VALUES (5, '2023-09-13 14:26:00', 'ad023482-3b79-4b39-a8d0-ae907e7aa7f3', 'diego');
INSERT INTO soundseeker.token_verificacion (id, fecha_expiracion, token, nombre_usuario) VALUES (6, '2023-08-02 13:26:11', '8e0b10e5-d0c8-4a22-ade6-aff80b3c1106', 'lucia');
INSERT INTO soundseeker.token_verificacion (id, fecha_expiracion, token, nombre_usuario) VALUES (7, '2023-11-03 04:26:20', '98f13708-2ba4-48b6-b983-467e4f1ef6d8', 'mauri');
INSERT INTO soundseeker.token_verificacion (id, fecha_expiracion, token, nombre_usuario) VALUES (8, '2023-11-11 01:26:33', '3c59dc04-4d99-4e23-9c63-21368f8c3af1', 'pedro');
INSERT INTO soundseeker.token_verificacion (id, fecha_expiracion, token, nombre_usuario) VALUES (9, '2023-11-12 06:27:10', '45c48cce-2d34-11e3-8b68-0800200c9a66', 'uriel');
INSERT INTO soundseeker.politica (id, titulo, descripcion, imagen) VALUES (1, 'Política de Cancelación', 'Entendemos que los planes pueden cambiar. Ofrecemos la flexibilidad de cancelar tu reserva con un preaviso mínimo de 24hs para obtener un reembolso completo. Después de este período, se aplicará una tarifa de cancelación del 35% del costo total del alquiler. Nos esforzamos por brindar opciones flexibles para adaptarnos a tus necesidades, pero te pedimos que nos notifiques con anticipación para garantizar un servicio eficiente.', '/img/polit/cancelacion.svg');
INSERT INTO soundseeker.politica (id, titulo, descripcion, imagen) VALUES (2, 'Política de Higiene', 'La salud y seguridad de nuestros clientes son prioritarias. Todos los instrumentos pasan por un riguroso proceso de desinfección y limpieza antes y después de cada alquiler. Garantizamos un ambiente higiénico para que puedas disfrutar de tu experiencia musical con total tranquilidad. Además, proporcionamos detalles sobre nuestros procedimientos de limpieza para tu tranquilidad y confianza.', '/img/polit/higiene.svg');
INSERT INTO soundseeker.politica (id, titulo, descripcion, imagen) VALUES (3, 'Política Legal', 'Nos comprometemos a operar dentro de los límites legales establecidos. Al alquilar un instrumento, aceptas cumplir con todas las leyes y regulaciones aplicables. Cualquier uso indebido o ilegal resultará en la terminación inmediata del contrato y puede estar sujeto a acciones legales. Para más detalles sobre nuestras prácticas legales, no dudes en contactarnos.', '/img/polit/legal.svg');
INSERT INTO soundseeker.politica (id, titulo, descripcion, imagen) VALUES (4, 'Política de Devolución', 'Si por alguna razón no estás satisfecho con tu instrumento, ofrecemos un periodo de 24hs para devoluciones. Los artículos deben ser devueltos en el mismo estado en que fueron recibidos. Se aplicará una tarifa de reposición del 65% si se detectan daños significativos. Revisamos cuidadosamente cada artículo devuelto para garantizar la calidad y satisfacción del próximo cliente.', '/img/polit/devolucion.svg');
INSERT INTO soundseeker.politica (id, titulo, descripcion, imagen) VALUES (5, 'Política de Envío', 'Ofrecemos opciones de envío seguro y confiable para garantizar que recibas tu instrumento a tiempo y en perfecto estado. Los costos de envío variarán según la ubicación y la duración del alquiler. Te proporcionaremos toda la información necesaria para rastrear tu envío y estaremos disponibles para responder cualquier pregunta o inquietud que puedas tener durante el proceso.', '/img/polit/envio.svg');
INSERT INTO soundseeker.categoria (id, descripcion, imagen, disponible, nombre) VALUES (1, 'Explora el universo sonoro que te ofrecen nuestras guitarras y cuerdas en alquiler. Ya sea que anheles el dulce susurro de una guitarra acústica o la potencia estruendosa de un bajo eléctrico, tenemos el instrumento perfecto para ti. Sumérgete en la variedad, siente la emoción de probar diferentes modelos y encuentra tu compañero musical ideal.', '/img/cat/guitarras-y-cuerdas.webp', 1, 'Guitarras y Cuerdas');
INSERT INTO soundseeker.categoria (id, descripcion, imagen, disponible, nombre) VALUES (2, '¿Listo para descubrir el alma vibrante del acordeón? Nuestra colección en alquiler te invita a pasear por melodías que cuentan historias, desde valses nostálgicos hasta ritmos contagiosos de folk. Cada fuelle respira vida en tus composiciones, ofreciendo un abanico de sonidos que enamoran. Atrévete a desplegar su magia y añade un toque de autenticidad a tu música.', '/img/cat/acordeones.webp', 1, 'Acordeones');
INSERT INTO soundseeker.categoria (id, descripcion, imagen, disponible, nombre) VALUES (3, 'Deja que tus dedos se deslicen con gracia sobre las teclas de nuestros pianos en alquiler. Desde el imponente gran cola que emana elegancia hasta el práctico piano digital que fusiona modernidad y portabilidad, cada pulsación es una invitación a un viaje musical sin igual. Sumérgete en la riqueza de sonidos que solo un piano puede ofrecer. Inspírate, emociona y transforma tus emociones en melodías.', '/img/cat/pianos.webp', 1, 'Pianos');
INSERT INTO soundseeker.categoria (id, descripcion, imagen, disponible, nombre) VALUES (4, 'Siente el pulso de la música en tus venas con nuestra vibrante selección de instrumentos de percusión en alquiler. Desde la resonancia profunda de los timbales hasta la chispeante alegría de las maracas, cada golpe es un eco de tu espíritu aventurero. Atrévete a ser el corazón rítmico de tu banda, explorando texturas y cadencias que avivan la llama de cualquier composición.', '/img/cat/percusion.webp', 1, 'Percusión');
INSERT INTO soundseeker.categoria (id, descripcion, imagen, disponible, nombre) VALUES (5, 'Sumérgete en el mundo de posibilidades que los teclados en alquiler te ofrecen. Con variedad de sonidos y ritmos programables, cada tecla es una puerta a infinitos universos musicales. Desde el aspirante a maestro hasta el teclista veterano, hay un modelo esperando para elevar tu creatividad. Compactos, versátiles y listos para el escenario, nuestros teclados son la llave a una experiencia sonora sin límites.', '/img/cat/teclados.webp', 1, 'Teclados');
INSERT INTO soundseeker.categoria (id, descripcion, imagen, disponible, nombre) VALUES (6, 'Sumérgete desde el rock estruendoso hasta el jazz más sutil. Cada tarola, bombo y platillo está listo para traducir tu pasión en pulsaciones que capturan almas. Libera tu potencial rítmico, marca el compás que hará latir corazones y convierte cada actuación en una experiencia inolvidable. ¡Es hora de que hagas retumbar el mundo con tu talento!', '/img/cat/baterias.webp', 1, 'Baterías');
INSERT INTO soundseeker.categoria (id, descripcion, imagen, disponible, nombre) VALUES (7, 'Cada clarinete, saxofón y trompeta ha sido elegido para inspirar y elevar tu talento al infinito. Siente cómo el aire se convierte en música, cómo cada aliento se transforma en una melodía que habla al alma. Ya seas un virtuoso en busca de nuevos horizontes o un apasionado que se inicia en el arte, tenemos el soplo de inspiración que necesitas. ¡Deja que tu espíritu vuele y tu música fluya con nuestros vientos!', '/img/cat/vientos.webp', 1, 'Vientos');
INSERT INTO soundseeker.categoria (id, descripcion, imagen, disponible, nombre) VALUES (8, 'Adéntrate en la elegancia etérea de nuestros violines y violas. Desde el vibrante estremecimiento de las cuerdas hasta la cálida resonancia de la madera, cada instrumento es una obra de arte esperando ser tocada por tus manos. Cautiva corazones con la dulzura de una serenata o enciende pasiones con la intensidad de una sinfonía. Para el virtuoso o el estudiante, estos compañeros de cuerda son tus aliados en la vida.', '/img/cat/violines.webp', 1, 'Violines/Violas');
INSERT INTO soundseeker.categoria (id, descripcion, imagen, disponible, nombre) VALUES (9, 'Colección ecléctica de instrumentos musicales que no encajan fácilmente en categorías específicas, abarcando una diversidad de sonidos y estilos para satisfacer gustos variados y explorar nuevas dimensiones musicales.', '/img/cat/varios.webp', 1, 'Varios');
INSERT INTO soundseeker.politica_categoria (politica_id, categoria_id) VALUES (1, 1);
INSERT INTO soundseeker.politica_categoria (politica_id, categoria_id) VALUES (1, 2);
INSERT INTO soundseeker.politica_categoria (politica_id, categoria_id) VALUES (1, 3);
INSERT INTO soundseeker.politica_categoria (politica_id, categoria_id) VALUES (1, 4);
INSERT INTO soundseeker.politica_categoria (politica_id, categoria_id) VALUES (1, 5);
INSERT INTO soundseeker.politica_categoria (politica_id, categoria_id) VALUES (1, 6);
INSERT INTO soundseeker.politica_categoria (politica_id, categoria_id) VALUES (1, 7);
INSERT INTO soundseeker.politica_categoria (politica_id, categoria_id) VALUES (1, 8);
INSERT INTO soundseeker.politica_categoria (politica_id, categoria_id) VALUES (1, 9);
INSERT INTO soundseeker.politica_categoria (politica_id, categoria_id) VALUES (2, 1);
INSERT INTO soundseeker.politica_categoria (politica_id, categoria_id) VALUES (2, 4);
INSERT INTO soundseeker.politica_categoria (politica_id, categoria_id) VALUES (2, 5);
INSERT INTO soundseeker.politica_categoria (politica_id, categoria_id) VALUES (2, 7);
INSERT INTO soundseeker.politica_categoria (politica_id, categoria_id) VALUES (3, 1);
INSERT INTO soundseeker.politica_categoria (politica_id, categoria_id) VALUES (3, 2);
INSERT INTO soundseeker.politica_categoria (politica_id, categoria_id) VALUES (3, 3);
INSERT INTO soundseeker.politica_categoria (politica_id, categoria_id) VALUES (3, 4);
INSERT INTO soundseeker.politica_categoria (politica_id, categoria_id) VALUES (3, 5);
INSERT INTO soundseeker.politica_categoria (politica_id, categoria_id) VALUES (3, 6);
INSERT INTO soundseeker.politica_categoria (politica_id, categoria_id) VALUES (3, 7);
INSERT INTO soundseeker.politica_categoria (politica_id, categoria_id) VALUES (3, 8);
INSERT INTO soundseeker.politica_categoria (politica_id, categoria_id) VALUES (3, 9);
INSERT INTO soundseeker.politica_categoria (politica_id, categoria_id) VALUES (4, 1);
INSERT INTO soundseeker.politica_categoria (politica_id, categoria_id) VALUES (4, 2);
INSERT INTO soundseeker.politica_categoria (politica_id, categoria_id) VALUES (5, 1);
INSERT INTO soundseeker.politica_categoria (politica_id, categoria_id) VALUES (5, 2);
INSERT INTO soundseeker.politica_categoria (politica_id, categoria_id) VALUES (5, 4);
INSERT INTO soundseeker.politica_categoria (politica_id, categoria_id) VALUES (5, 5);
INSERT INTO soundseeker.politica_categoria (politica_id, categoria_id) VALUES (5, 7);
INSERT INTO soundseeker.politica_categoria (politica_id, categoria_id) VALUES (5, 8);
INSERT INTO soundseeker.caracteristica (id, icono, nombre) VALUES (1, '/img/carac/fret.webp', '4 Cuerdas');
INSERT INTO soundseeker.caracteristica (id, icono, nombre) VALUES (2, '/img/carac/fret.webp', '5 Cuerdas');
INSERT INTO soundseeker.caracteristica (id, icono, nombre) VALUES (3, '/img/carac/fret.webp', '6 Cuerdas');
INSERT INTO soundseeker.caracteristica (id, icono, nombre) VALUES (4, '/img/carac/fret.webp', '7 Cuerdas');
INSERT INTO soundseeker.caracteristica (id, icono, nombre) VALUES (5, '/img/carac/fret.webp', '8 Cuerdas');
INSERT INTO soundseeker.caracteristica (id, icono, nombre) VALUES (6, '/img/carac/fret.webp', 'Muchas Cuerdas');
INSERT INTO soundseeker.caracteristica (id, icono, nombre) VALUES (7, '/img/carac/piano.webp', '2 Octavas y Media');
INSERT INTO soundseeker.caracteristica (id, icono, nombre) VALUES (8, '/img/carac/piano.webp', '3 Octavas');
INSERT INTO soundseeker.caracteristica (id, icono, nombre) VALUES (9, '/img/carac/piano.webp', '3 Octavas y Media');
INSERT INTO soundseeker.caracteristica (id, icono, nombre) VALUES (10, '/img/carac/piano.webp', '4 Octavas');
INSERT INTO soundseeker.caracteristica (id, icono, nombre) VALUES (11, '/img/carac/piano.webp', '5 Octavas');
INSERT INTO soundseeker.caracteristica (id, icono, nombre) VALUES (12, '/img/carac/piano.webp', '7 Octavas');
INSERT INTO soundseeker.caracteristica (id, icono, nombre) VALUES (13, '/img/carac/piano.webp', '88 Teclas');
INSERT INTO soundseeker.caracteristica (id, icono, nombre) VALUES (14, '/img/carac/droplet.webp', 'Azul');
INSERT INTO soundseeker.caracteristica (id, icono, nombre) VALUES (15, '/img/carac/droplet.webp', 'Marrón');
INSERT INTO soundseeker.caracteristica (id, icono, nombre) VALUES (16, '/img/carac/droplet.webp', 'Negro');
INSERT INTO soundseeker.caracteristica (id, icono, nombre) VALUES (17, '/img/carac/droplet.webp', 'Dorado');
INSERT INTO soundseeker.caracteristica (id, icono, nombre) VALUES (18, '/img/carac/droplet.webp', 'Caoba');
INSERT INTO soundseeker.caracteristica (id, icono, nombre) VALUES (19, '/img/carac/droplet.webp', 'Plateado');
INSERT INTO soundseeker.caracteristica (id, icono, nombre) VALUES (20, '/img/carac/droplet.webp', 'Latón');
INSERT INTO soundseeker.caracteristica (id, icono, nombre) VALUES (21, '/img/carac/droplet.webp', 'Bronce');
INSERT INTO soundseeker.caracteristica (id, icono, nombre) VALUES (22, '/img/carac/droplet.webp', 'Acero');
INSERT INTO soundseeker.caracteristica (id, icono, nombre) VALUES (23, '/img/carac/droplet.webp', 'Plata');
INSERT INTO soundseeker.caracteristica (id, icono, nombre) VALUES (24, '/img/carac/droplet.webp', 'Níquel');
INSERT INTO soundseeker.caracteristica (id, icono, nombre) VALUES (25, '/img/carac/droplet.webp', 'Madera');
INSERT INTO soundseeker.caracteristica (id, icono, nombre) VALUES (26, '/img/carac/line-height.webp', 'Nivel Principiante');
INSERT INTO soundseeker.caracteristica (id, icono, nombre) VALUES (27, '/img/carac/line-height.webp', 'Nivel Intermedio');
INSERT INTO soundseeker.caracteristica (id, icono, nombre) VALUES (28, '/img/carac/line-height.webp', 'Nivel Avanzado');
INSERT INTO soundseeker.caracteristica (id, icono, nombre) VALUES (29, '/img/carac/hurricane.webp', 'Nuevo');
INSERT INTO soundseeker.caracteristica (id, icono, nombre) VALUES (30, '/img/carac/hurricane.webp', 'Seminuevo');
INSERT INTO soundseeker.caracteristica (id, icono, nombre) VALUES (31, '/img/carac/pantalla.webp', 'Pantalla LCD');
INSERT INTO soundseeker.caracteristica (id, icono, nombre) VALUES (32, '/img/carac/pantalla.webp', 'Pantalla OLED');
INSERT INTO soundseeker.caracteristica (id, icono, nombre) VALUES (33, '/img/carac/leaf.webp', 'Piel de Búfalo');
INSERT INTO soundseeker.caracteristica (id, icono, nombre) VALUES (34, '/img/carac/leaf.webp', 'Piel de Cabra');
INSERT INTO soundseeker.caracteristica (id, icono, nombre) VALUES (35, '/img/carac/leaf.webp', 'Piel de Vaca');
INSERT INTO soundseeker.caracteristica (id, icono, nombre) VALUES (36, '/img/carac/leaf.webp', 'Piel de Pescado');
INSERT INTO soundseeker.caracteristica (id, icono, nombre) VALUES (37, '/img/carac/leaf.webp', 'Piel de Cordero');
INSERT INTO soundseeker.caracteristica (id, icono, nombre) VALUES (38, '/img/carac/material.webp', 'Mylar');
INSERT INTO soundseeker.caracteristica (id, icono, nombre) VALUES (39, '/img/carac/material.webp', 'Kevlar');
INSERT INTO soundseeker.caracteristica (id, icono, nombre) VALUES (40, '/img/carac/material.webp', 'Fiberskyn');
INSERT INTO soundseeker.producto (disponible, precio, categoria_id, id, marca, nombre, descripcion) VALUES (1, 999.99, 1, 1, 'Cort', 'Guitarra Eléctrica Cort CR100 CRS', 'La serie Classic Rock ofrece el aspecto, la sensación y el rendimiento de los instrumentos clásicos muy solicitados de la época dorada de las guitarras eléctricas. En el corazón de cada guitarra de la serie CR se encuentran las pastillas ClassicRocker especialmente diseñadas para brindar un sonido y respuesta auténticos de rock vintage.');
INSERT INTO soundseeker.producto (disponible, precio, categoria_id, id, marca, nombre, descripcion) VALUES (1, 399.99, 1, 2, 'Cort', 'Guitarra Eléctrica Cort G250 Negra', 'La Serie G representa una evolución lógica del término "vintage". Es moderno pero conserva las características familiares del diseño clásico de doble cutaway de una manera estéticamente elegante. Esta colección de doble cutaway incluye una amplia variedad de opciones y características para satisfacer mejor las necesidades y requerimientos específicos de un guitarrista. La G250 presenta una configuración humbucker de pastilla única que proporciona una amplia variedad de sonidos para cubrir prácticamente cualquier estilo musical.');
INSERT INTO soundseeker.producto (disponible, precio, categoria_id, id, marca, nombre, descripcion) VALUES (1, 199.99, 1, 3, 'Valencia', 'Guitarra Electroacústica Valencia 4/4 / Cutaway / Negra', 'Una excelente primera guitarra clásica de cuerdas de nylon. El Valencia Series 100 es una guitarra de cuerdas de nylon con todas las funciones que es lo suficientemente asequible para cualquier guitarrista. La longitud de la escala del cuello te permite tocar con un verdadero estilo clásico, justo lo que necesita para desarrollar una técnica de toque adecuada.');
INSERT INTO soundseeker.producto (disponible, precio, categoria_id, id, marca, nombre, descripcion) VALUES (1, 99.99, 1, 4, 'Kalani', 'Ukulele Kalani Concierto UK-23 TBL Aguamarina', 'El Ukelele es un instrumento musical de cuerda pulsada, similar a una guitarra de pequeño tamaño, originario de Hawái y popular en todo el mundo, el ukelele emite un sonido más cálido; es por eso que muchos iniciados prefieren tamaños de ukelele más pequeños, ya que estos conservan mejor ese tono brillante y exótico tan característico del ukelele.');
INSERT INTO soundseeker.producto (disponible, precio, categoria_id, id, marca, nombre, descripcion) VALUES (1, 399.99, 1, 5, 'Kalani', 'Bajo Eléctrico Cort Action-V Plus Rojo Translucido', 'El Ukelele es un instrumento musical de cuerda pulsada, similar a una guitarra de pequeño tamaño, originario de Hawái y popular en todo el mundo, el ukelele emite un sonido más cálido; es por eso que muchos iniciados prefieren tamaños de ukelele más pequeños, ya que estos conservan mejor ese tono brillante y exótico tan característico del ukelele.');
INSERT INTO soundseeker.producto (disponible, precio, categoria_id, id, marca, nombre, descripcion) VALUES (1, 1999.99, 2, 6, 'Hohner', 'Acordeón Hohner Corona III ADG Negro', 'El aire está lleno de música, risas y gente hablando —pero aun así se hace oír con claridad el característico sonido HOHNER. Especialmente, si se trata del Corona III, el más grande de la Serie Corona. El sonido voluminoso y estimulante encanta a la audiencia y al músico de igual manera, los invita a moverse, a bailar y a disfrutar. Una joya muy apreciada en vallenato, el norteño y el tex-mex, el Corona III es el acordeón perfecto para los músicos profesionales que están en la búsqueda de un sonido distintivo y poderoso, junto a características de longevidad y hermosa apariencia.');
INSERT INTO soundseeker.producto (disponible, precio, categoria_id, id, marca, nombre, descripcion) VALUES (1, 1699.99, 2, 7, 'Hohner', 'Acordeón Hohner Corona III Besas Blanco', 'El aire está lleno de música, risas y gente hablando —pero aun así se hace oír con claridad el característico sonido HOHNER. Especialmente, si se trata del Corona III, el más grande de la Serie Corona. El sonido voluminoso y estimulante encanta a la audiencia y al músico de igual manera, los invita a moverse, a bailar y a disfrutar. Una joya muy apreciada en vallenato, el norteño y el tex-mex, el Corona III es el acordeón perfecto para los músicos profesionales que están en la búsqueda de un sonido distintivo y poderoso, junto a características de longevidad y hermosa apariencia.');
INSERT INTO soundseeker.producto (disponible, precio, categoria_id, id, marca, nombre, descripcion) VALUES (0, 699.99, 2, 8, 'Hohner', 'Acordeón Hohner Rey Vallenato ADG Naranja', 'El acordeón Hohner Rey Vallenato ADG naranja es un hermoso acordeón de 3 lengüetas para músicos principiantes y avanzados. Presentamos un instrumento específicamente diseñado para satisfacer los requisitos de la música del vallenato.');
INSERT INTO soundseeker.producto (disponible, precio, categoria_id, id, marca, nombre, descripcion) VALUES (1, 999.99, 2, 9, 'Hohner', 'Acordeón Hohner Bravo II 48 Bajos Rojo', 'El Acordeón Hohner Bravo II 48 Bajos Rojo puede ser el más pequeño de la serie Bravo, pero es tan poderoso como sus contrapartes más grandes. Un compañero perfecto especialmente diseñado para pequeños aprendices, el Bravo II 48 es su ingreso al mundo de los acordeones.');
INSERT INTO soundseeker.producto (disponible, precio, categoria_id, id, marca, nombre, descripcion) VALUES (0, 99999.99, 3, 10, 'Kawai', 'Piano de Cola Kawai SK-7LA Ebony Polish con Silla', 'El SK-7 es una obra de arte trascendente que se comunicará con notable pasión, precisión y poesía de la mano del artista. Cuerdas de bajo enrolladas a mano por expertos artesanos. El proceso de enrollar alambre de cobre alrededor de las cuerdas del bajo requiere habilidades muy refinadas. En este proceso, los hábiles artesanos de KAWAI enrollan cada cable con cuidado y precisión a mano para garantizar la máxima calidad posible.');
INSERT INTO soundseeker.producto (disponible, precio, categoria_id, id, marca, nombre, descripcion) VALUES (1, 999.99, 3, 11, 'Medeli', 'Piano Digital Medeli CDP5200 Blanco', 'Con un toque moderno en mente, el diseño atrae a los entusiastas de piano de cualquier tipo, sin embargo, no destaca sólo por su apariencia, las 600 voces están muy bien diseñados para capturar la dinámica y los matices de un pianista.');
INSERT INTO soundseeker.producto (disponible, precio, categoria_id, id, marca, nombre, descripcion) VALUES (1, 99999.99, 3, 12, 'Steinway & Sons', 'Piano de Cola Steinway & Sons Modelo D GRD Hamb Ebony', 'Este majestuoso instrumento musical — el pináculo de los pianos de cola de concierto- es la preferencia abrumadora de los mejores pianistas del mundo y de cualquiera que exija el más alto nivel de expresión musical. El modelo D llena la sala de potencia y calidez musical. Envíe su solicitud de un Steinway D aquí y nos pondremos en contacto con usted lo antes posible.');
INSERT INTO soundseeker.producto (disponible, precio, categoria_id, id, marca, nombre, descripcion) VALUES (1, 9999.99, 3, 13, 'Pearl', 'Piano Vertical Pearl River EU118S Ebony Polish Sin Silla', 'Piano vertical de estudio clásico de 46,5″ con herrajes plateados • Serie europea.');
INSERT INTO soundseeker.producto (disponible, precio, categoria_id, id, marca, nombre, descripcion) VALUES (1, 899.99, 3, 14, 'Yamaha', 'Piano Digital Yamaha P45 Con Adaptador PA-150', 'El piano digital Yamaha P-45 cuenta con un teclado de martillos graduados estándar (GHS). El tacto y la sensibilidad del teclado cambia gradualmente según el registro, de modo que la sensación es de mayor peso cuando se tocan partes graves y de más ligereza cuando se tocan partes agudas. El teclado del piano también tiene un tacto natural, con teclas negras con acabado mate que transmiten una experiencia de auténtico piano acústico al tocar.');
INSERT INTO soundseeker.producto (disponible, precio, categoria_id, id, marca, nombre, descripcion) VALUES (1, 399.99, 4, 15, 'Tycoon', 'Bongos Tycoon 7-8.1/2 30th Aniversario', 'Estos bongos únicos están construidos con madera de fresno americano de primera calidad seleccionada a mano con procedimientos especiales tomados en el proceso de producción para acentuar los patrones de la veta de la madera. Cuentan con un acabado mate oscuro único en su tipo con vetas de madera blanca.');
INSERT INTO soundseeker.producto (disponible, precio, categoria_id, id, marca, nombre, descripcion) VALUES (1, 29.99, 4, 16, 'Tom Grasso', 'Pandero Tom Grasso de 6"', 'Instrumento de percusión pandereta en madera con 6 sonajeros y parche sintético.');
INSERT INTO soundseeker.producto (disponible, precio, categoria_id, id, marca, nombre, descripcion) VALUES (1, 359.99, 4, 17, 'Tycoon', 'Bongos Tycoon 7-8.1/2 Artist', 'Ideal para percusionistas, sus aros son de lujo pintados en polvo negro, y con asas de afinación reforzadas. Estos tambores son perfectos para cualquier estilo de música, especialmente para grabaciones o toques en vivo.');
INSERT INTO soundseeker.producto (disponible, precio, categoria_id, id, marca, nombre, descripcion) VALUES (0, 359.99, 4, 18, 'Jimbao', 'Bombo De Marcha Jimbao 18"', 'Este bombo es ideal para banda marcial, la marca líder en instrumentos de marcha, trae este increíble bombo de marcha de 18" y 12" de ancho. Este instrumento de gran calidad es perfecto para profesionales, la mejor elección que pueden realizar.');
INSERT INTO soundseeker.producto (disponible, precio, categoria_id, id, marca, nombre, descripcion) VALUES (1, 699.99, 5, 19, 'Roland', 'Teclado Arranger Roland E-X30', 'Los sonidos de piano de alta calidad en el E-X30 están perfectamente adecuados para el desarrollo de las habilidades musicales, donde siempre se requieren los sonidos y matices tradicionales. Yendo más allá, este teclado ofrece también sonidos alternativos integrados a bordo, incluyendo una variedad de sonidos étnicos para la interpretación de estilos de música locales en cualquier parte del mundo. Incluso la práctica a solas es inspiradora con el E-X30 — el arreglista integrado y la reproducción de audio MP3 te permiten interpretar junto con el acompañamiento musical completo, preparándote para tu primera experiencia de interpretación con banda u orquesta.');
INSERT INTO soundseeker.producto (disponible, precio, categoria_id, id, marca, nombre, descripcion) VALUES (1, 899.99, 5, 20, 'Roland', 'Piano Digital Roland FP30X Negro', 'El FP-30X te ofrece el modelo más equilibrado de la serie FP-X de Roland. Este estilizado y elegante piano portátil, que combina un precio asequible con un rendimiento superior, toma como punto de partida el modelo básico FP-10 y le añade un generador de sonido mejorado, altavoces integrados más potentes y mayor polifonía.');
INSERT INTO soundseeker.producto (disponible, precio, categoria_id, id, marca, nombre, descripcion) VALUES (0, 499.99, 5, 21, 'Kurzweil', 'Teclado Kurzweil KP-110 Blanco', 'Equipado con cientos de sonidos, incluido el Triple Strike Piano de Kurzweil (de las estaciones de trabajo de la serie PC3), un grabador de canciones de 6 pistas y más de 200 patrones de acompañamiento automático, el KP110 es un poderoso teclado portátil dirigido tanto para principiantes como un entusiastas de la música.');
INSERT INTO soundseeker.producto (disponible, precio, categoria_id, id, marca, nombre, descripcion) VALUES (1, 1999.99, 6, 22, 'Ludwig', 'Batería Ludwig Evolution Outfit 20" con Hard & ZBT Azul', 'Diseñado como un conjunto de batería intermedio, Ludwig Element Evolution es todo lo que un aspirante a baterista necesita para tener éxito. El equipo de la serie Evolution viene con hardware de doble refuerzo y platillos Zildjian ZBT* para que sea ideal para bateristas de cualquier edad que estén listos para dar el siguiente paso.');
INSERT INTO soundseeker.producto (disponible, precio, categoria_id, id, marca, nombre, descripcion) VALUES (1, 799.99, 6, 23, 'Medeli', 'Batería Electrónica Medeli DD638DX', 'Batería electrónica Medeli DD638DX con redoblante en malla de 2 zonas para sonidos tipo rimshot, 3 toms de malla de 2 zonas y 2 platillos con function de choke, puedes parar su sonido con la mano, brindando realismo y musicalidad, Crash de 2 zonas y ride de 3 zonas, 1 Hi hat de 2 zona. Pad de bombo con pedal con posibilidad de ampliación a doble pedal. Cerebro avanzado con excelente desempeño.');
INSERT INTO soundseeker.producto (disponible, precio, categoria_id, id, marca, nombre, descripcion) VALUES (1, 399.99, 6, 24, 'Medeli', 'Batería Electrónica Portátil Medeli DD309', 'La batería portable Medeli DD309, es la mejor opción para aquellos que quieran aprender coordinación y ritmo al tocar batería, es sencilla de usar, transportable y no molesta a los vecinos.');
INSERT INTO soundseeker.producto (disponible, precio, categoria_id, id, marca, nombre, descripcion) VALUES (1, 699.99, 6, 25, 'Ludwig', 'Batería Accent Drive 5PC 22" Ludwig LC19511 Negra', 'Batería profesional de 5 tambores forrada de mica terminado brillantina, incluye herrajes, atril de hi-hats, 1 atril recto para platillo, atril de tarola, pedal de bombo y banco. Incluye juego de platillos Wuhan: hi-hats de 14 y crash-ride de 16".');
INSERT INTO soundseeker.producto (disponible, precio, categoria_id, id, marca, nombre, descripcion) VALUES (0, 399.99, 6, 26, 'Tom Grasso', 'Batería Para Niño Negra', 'Las baterías Tom Grasso se han caracterizado para el uso de personas aspirantes a la batería. Las baterías junior son específicamente para los niños. Si quieres entrar en el mundo de la batería esta batería es la ideal.');
INSERT INTO soundseeker.producto (disponible, precio, categoria_id, id, marca, nombre, descripcion) VALUES (0, 999.99, 7, 27, 'Tom Grasso', 'Trompeta Pocket JBMT-500L', 'La Pocket JBMT - 500L, es una trompeta con más curvas que la convencional, puesto que es más pequeña, lo que hace fácil de transportar. Ofrece las mismas características en cuanto a sonoridad, afinación, facilidad al tocar de una trompeta estándar.');
INSERT INTO soundseeker.producto (disponible, precio, categoria_id, id, marca, nombre, descripcion) VALUES (1, 999.99, 7, 28, 'Leblanc', 'Clarinete SIB Leblanc CL651DIR', 'La historia de Leblanc se remonta a 1750 cuando Ets. D. Noblet se estableció en Francia haciendo instrumentos para la corte de Luis XV. Noblet ayudaría a establecer a Francia como el centro de la fabricación de instrumentos de viento de madera.');
INSERT INTO soundseeker.producto (disponible, precio, categoria_id, id, marca, nombre, descripcion) VALUES (1, 1399.99, 7, 29, 'Conn', 'Saxofón Alto Conn AS651DIR', 'El Conn AS651 es el instrumento perfecto para todos los estudiantes principiantes que quieran aprender a tocar el saxofón. El AS651 es duradero y resistirá el desgaste que los nuevos estudiantes harán. Además, la calidad del saxofón está muy por encima de su bajo precio, por lo que este es definitivamente el saxofón ideal para cualquier estudiante nuevo.');
INSERT INTO soundseeker.producto (disponible, precio, categoria_id, id, marca, nombre, descripcion) VALUES (0, 799.99, 7, 30, 'Conn', 'Trombón Tenor Bach TB501', 'El Trombón TB501, es un Tenor de gran calibre, diseñado como alternativa entre los instrumentos de bajo y de alto calibre. Apto para estudiantes y músicos aficionados.');
INSERT INTO soundseeker.producto (disponible, precio, categoria_id, id, marca, nombre, descripcion) VALUES (1, 399.99, 8, 31, 'Verona', 'Violín 1/4 Solido Verona Inlaid Outfits', 'El Violín Verona es un instrumento hecho de madera solida, diseñado para estudiantes de nivel académico medio o iniciación para estudios formales. Incluye estuche semi rígido, tipo mochila, arco y colofonia.');
INSERT INTO soundseeker.producto (disponible, precio, categoria_id, id, marca, nombre, descripcion) VALUES (1, 399.99, 8, 32, 'Verona', 'Violín 1/2 Sólido Verona Inlaid Outfits Mate', 'El Violín Verona es un instrumento hecho de madera solida, diseñado para estudiantes de nivel académico medio o iniciación para estudios formales. Incluye estuche semi rígido, tipo mochila, arco y colofonia.');
INSERT INTO soundseeker.producto (disponible, precio, categoria_id, id, marca, nombre, descripcion) VALUES (1, 399.99, 8, 33, 'Verona', 'Violín 3/4 Sólido Verona Inlaid Outfits Mate', 'Cuando interpretas el Violín, estás acariciando musicalmente más de 300 años de historia. El violín 3/4 Inland Outfits Mate, es un instrumento que si le dedicas tu tiempo, paciencia y disciplina, te dará buenos resultados a futuro. Aprovecha al máximo y acércate a la música, vive una verdadera experiencia musical. El Violín Verona es un instrumento hecho de madera solida, diseñado para estudiantes de nivel académico medio o iniciación para estudios formales. Incluye estuche semi rígido, tipo mochila, arco y colofonia.');
INSERT INTO soundseeker.producto (disponible, precio, categoria_id, id, marca, nombre, descripcion) VALUES (0, 499.99, 8, 34, 'Verona', 'Violín 4/4 Sólido Verona Inlaid Outfits Mate', 'El Violín Verona es un instrumento hecho de madera solida, diseñado para estudiantes de nivel académico medio o iniciación para estudios formales. Incluye estuche semi rígido, tipo mochila, arco y colofonia.');
INSERT INTO soundseeker.producto (disponible, precio, categoria_id, id, marca, nombre, descripcion) VALUES (1, 299.99, 1, 35, 'Cort', 'Guitarra Acústica Cort Classic AC100', 'Los modelos de AC de estilo tradicional se han rediseñado para mejorar la resonancia y lograr un auténtico sonido de guitarra clásica. La agradable combinación de maderas tonales produce un tono tradicional, profundo y deliciosamente melodioso. La serie Cort AC es muy tolerante con los errores de los estudiantes y requiere un poco menos de precisión y nitidez para lograr un buen tono. La AC100 cuenta con tapa de Abeto, parte posterior y laterales de Caoba, diapasón de Merbau.');
INSERT INTO soundseeker.producto (disponible, precio, categoria_id, id, marca, nombre, descripcion) VALUES (1, 699.99, 1, 36, 'Cort', 'Guitarra Eléctrica Cort Jazz Yorktown-BV', 'La serie sunset es una combinación de estilo retro con sensibilidad moderna y carácter sónico. Su pickguard de forma distintiva recuerda los estilos de diseño de guitarra de eras pasadas. Su sonido es cálido, rico y resonante, lo que le hace ideal para una variedad de géneros musicales.');
INSERT INTO soundseeker.producto (disponible, precio, categoria_id, id, marca, nombre, descripcion) VALUES (1, 399.99, 1, 37, 'Cort', 'Guitarra Electroacústica Cort SFX-DAO Natural', 'Como la visión de Cort de la electroacústica moderna, la serie SFX presenta la forma del cuerpo delgado de Cort (83 x 83 mm) con cutaway, moderno perfil de mástil en forma de V para una mejor ejecución y velocidad, parte trasera arqueada para una mejor resonancia, trastes jumbo y electrónicos.');
INSERT INTO soundseeker.producto (disponible, precio, categoria_id, id, marca, nombre, descripcion) VALUES (1, 499.99, 1, 38, 'Cort', 'Guitarra Eléctrica Fender Squier Surf Pearl', 'La Serie Contemporánea Jazzmaster HH de Squier luce la apariencia de un Jazzmaster clásico, reforzado con pastillas de cerámica activas para satisfacer las necesidades de alto rendimiento de los sonidos modernos. Esta guitarra cuenta con un mástil delgado y rápido en forma de "C", con un radio de diapasón de 12" ideal para velocidad y curvas sin esfuerzo, y un puente ajustable con barra de parada proporcionando una maxima estabilidad de sintonización incluso en afinaciones de caída.');
INSERT INTO soundseeker.producto (disponible, precio, categoria_id, id, marca, nombre, descripcion) VALUES (1, 599.99, 1, 39, 'Cort', 'Bajo Eléctrico Cort Walnut Action PJ Café', 'Asequibles pero cargados de materiales, componentes y artesanía de calidad, los bajos de la serie Action definen el valor para el aspirante a bajista con características versátiles como opciones de pastillas PJ, JJ y soapbar y electrónica de ecualización activa. Action PJ cuenta con un juego de pastillas PJ, la pastilla de bajo tipo P es ideal para géneros como el hard rock y el rock clásico, mientras que la pastilla tipo J es ideal para el jazz y el pop. Esta combinación proporciona una gran cantidad de sonidos de bajo clásicos para prácticamente cualquier género y estilo musical.');
INSERT INTO soundseeker.producto (disponible, precio, categoria_id, id, marca, nombre, descripcion) VALUES (1, 599.99, 1, 40, 'Cort', 'Bajo Zurdo Cort Action LH Negro', 'El Cort Action Bass Plus LH se ha diseñado para que atraviese una línea de bajo tras otra con facilidad. Gracias a su cuerpo ergonómico y su fino mástil de arce, se desenvuelve sin esfuerzo por complejas líneas de bajo: ¡el slap, el ritmo y el funk nunca han sido tan fluidos! Y con un conjunto de pastillas Cort PJ que dan voz a un conjunto de tonos ricos y cálidos, puedes moldear la Action Plus para que se adapte prácticamente a cualquier género o estilo. Su ecualizador activo de dos bandas ofrece funciones de realce y recorte para frecuencias agudas y graves cuidadosamente seleccionadas, lo que facilita la selección del sonido preferido. El resultado es una amplia gama tonal con unos graves potentes y definidos y un realce suave. Completado con clavijas de fundición a presión y el puente de diseño EB6 de Cort, la entonación y la estabilidad de afinación son excepcionales. Con el Action Bass Plus has encontrado tu próximo caballo de batalla para conciertos y estudios.');
INSERT INTO soundseeker.producto (disponible, precio, categoria_id, id, marca, nombre, descripcion) VALUES (1, 699.99, 1, 41, 'Cort', 'Bajo Eléctrico Cort B4 Element Rojo Burgundy', 'Los Artisan B4 Element es el grupo de bajos completamente renovado que combina solo los mejores elementos de los muy populares bajos Artisan clase B, incluido el diapasón de Arce tostado en el mástil de 5 piezas de Panga-Panga / Nogal, pastillas Bartolini® MK-1, set de preamplificador Bartolini® MK- 1 y clavijas Hipshot® Ultralite. Recientemente se agregaron los nuevos puentes MetalCraft M4 de gran masa con sistema de carga de doble cuerda que mejora en gran medida la resonancia y la transferencia de tono, y un cuerpo de Caoba ergonómico más redondo con una tapa de Fresno bellamente decorada que viene en 3 opciones de color diferentes. La combinación de los elementos correctos, junto con la dedicación de Cort a la calidad, hace que el Artisan B4 Element sea una excelente opción para músicos profesionales y entusiastas por igual.');
INSERT INTO soundseeker.producto (disponible, precio, categoria_id, id, marca, nombre, descripcion) VALUES (1, 99.99, 1, 42, 'Mahalo', 'Ukulele Mahalo Soprano U-Smile / Naranja', 'El Ukelele es un instrumento musical de cuerda pulsada, similar a una guitarra de pequeño tamaño, originario de Hawái y popular en todo el mundo, el ukelele emite un sonido más cálido; es por eso que muchos iniciados prefieren tamaños de ukelele más pequeños, ya que estos conservan mejor ese tono brillante y exótico tan característico del ukelele.');
INSERT INTO soundseeker.producto (disponible, precio, categoria_id, id, marca, nombre, descripcion) VALUES (1, 299.99, 1, 43, 'Valencia', 'Guitarra Clásica Valencia 4/4 VC204TBU Azul', 'Fabricada según nuestros exigentes estándares, en nuestra propia fábrica en Indonesia, la Serie 200 comienza con una tapa de abeto sitka, cuerpo de nato y mástil de caoba para un tono equilibrado. Un distintivo acabado satinado transparente revela la belleza inherente de nuestras maderas tonales. Un diapasón de caoba ebonizada y un puente de caoba completan el aspecto elegante.');
INSERT INTO soundseeker.producto (disponible, precio, categoria_id, id, marca, nombre, descripcion) VALUES (1, 699.99, 1, 44, 'Fender', 'Guitarra Eléctrica Fender Squier Classic Vibe 70s', 'Una punta de sombrero para los modelos Strat de cabezal grande producidos en la década de 1970, la Stratocaster Classic Vibe \'70s crea un tono increíble por cortesía de un trío de pastillas de una sola bobina alnico diseñadas por Fender. Las características amigables para el jugador incluyen un perfil de cuello en forma de "C" delgado y cómodo con un diapasón de radio fácil de tocar de 9.5"y trastes estrechos y altos, así como un sistema de trémolo de estilo vintage para efectos expresivos de flexión de cuerdas. Este retroceso del modelo Squier también presenta marcas en el cabezal inspiradas en la década de 1970, herrajes niquelados de aspecto rico y un elegante acabado brillante de tinte vintage para un ambiente de la vieja escuela.');
INSERT INTO soundseeker.producto (disponible, precio, categoria_id, id, marca, nombre, descripcion) VALUES (1, 999.99, 2, 45, 'Hohner', 'Acordeón Hohner Bravo II 48 Bajos Azul', 'El Bravo II 48 puede ser el mas pequeño de la Serie Bravo, pero es tan poderoso como sus contrapartes mas grandes. Un acompañante ideal especialmente para los aprendices pequeños, el Bravo II 48 es tu entrada al mundo de los acordeones. La Serie Bravo de Hohner es el estándar para estudiantes y principiantes. Los rudos y musicalmente versátiles instrumentos en esta serie ofrecen calidad de desempeño disponible anteriormente solo en modelos considerablemente mas caros.');
INSERT INTO soundseeker.producto (disponible, precio, categoria_id, id, marca, nombre, descripcion) VALUES (1, 999.99, 2, 46, 'Hohner', 'Acordeón Hohner Bravo III 80 Bajos Rojo', 'El aire está lleno de música, risas y gente hablando —pero aun así se hace oír con claridad el característico sonido HOHNER. Especialmente, si se trata del Corona III, el más grande de la Serie Corona. El sonido voluminoso y estimulante encanta a la audiencia y al músico de igual manera, los invita a moverse, a bailar y a disfrutar. Una joya muy apreciada en vallenato, el norteño y el tex-mex, el Corona III es el acordeón perfecto para los músicos profesionales que están en la búsqueda de un sonido distintivo y poderoso, junto a características de longevidad y hermosa apariencia.');
INSERT INTO soundseeker.producto (disponible, precio, categoria_id, id, marca, nombre, descripcion) VALUES (1, 999.99, 2, 47, 'Hohner', 'Acordeón Hohner Bravo III 80 Bajos Negro', 'El aire está lleno de música, risas y gente hablando —pero aun así se hace oír con claridad el característico sonido HOHNER. Especialmente, si se trata del Corona III, el más grande de la Serie Corona. El sonido voluminoso y estimulante encanta a la audiencia y al músico de igual manera, los invita a moverse, a bailar y a disfrutar. Una joya muy apreciada en vallenato, el norteño y el tex-mex, el Corona III es el acordeón perfecto para los músicos profesionales que están en la búsqueda de un sonido distintivo y poderoso, junto a características de longevidad y hermosa apariencia.');
INSERT INTO soundseeker.producto (disponible, precio, categoria_id, id, marca, nombre, descripcion) VALUES (1, 699.99, 2, 48, 'Hohner', 'Acordeón Hohner Rey Vallenato GCF Negro', 'El acordeón Hohner Rey Vallenato GCF Negro es un hermoso acordeón de 3 lengüetas para músicos principiantes y avanzados. Presentamos un instrumento específicamente diseñado para satisfacer los requisitos de la música del vallenato.');
INSERT INTO soundseeker.producto (disponible, precio, categoria_id, id, marca, nombre, descripcion) VALUES (1, 699.99, 2, 49, 'Hohner', 'Acordeón Hohner Rey Vallenato Besas Amarillo', 'El aire está lleno de música, risas y gente hablando —pero aun así se hace oír con claridad el característico sonido HOHNER. Especialmente, si se trata del Corona III, el más grande de la Serie Corona. El sonido voluminoso y estimulante encanta a la audiencia y al músico de igual manera, los invita a moverse, a bailar y a disfrutar. Una joya muy apreciada en vallenato, el norteño y el tex-mex, el Corona III es el acordeón perfecto para los músicos profesionales que están en la búsqueda de un sonido distintivo y poderoso, junto a características de longevidad y hermosa apariencia.');
INSERT INTO soundseeker.producto (disponible, precio, categoria_id, id, marca, nombre, descripcion) VALUES (1, 699.99, 2, 50, 'Hohner', 'Acordeón Hohner Rey Vallenato ADG Rojo', 'El acordeón Hohner Rey Vallenato ADG rojo es un hermoso acordeón de 3 lengüetas para músicos principiantes y avanzados. Presentamos un instrumento específicamente diseñado para satisfacer los requisitos de la música del vallenato.');
INSERT INTO soundseeker.producto (disponible, precio, categoria_id, id, marca, nombre, descripcion) VALUES (1, 899.99, 3, 51, 'Yamaha', 'Piano Digital Yamaha Arius YDP145 con Adaptador PA-150', 'El YDP-145 incorpora un teclado GHS de 88 teclas contrapesadas y las nuevas muestras del piano de cola CFX de Yamaha. Disfruta de su sonido realista gracias al modelado de resonancia virtual (VRM Lite), de las nuevas funciones que cuidan de tus oídos, y de la compatibilidad con la app Yamaha Smart Pianist.');
INSERT INTO soundseeker.producto (disponible, precio, categoria_id, id, marca, nombre, descripcion) VALUES (1, 999.99, 3, 52, 'Roland', 'Sintetizador Keytar Roland AX-Edge-B', 'El AX-Edge es el resultado de décadas de refinamiento que nos han permitido aprender de artistas del mundo entero sobre las mejores cualidades del sintetizador de directo definitivo. El AX-Edge tiene un diseño moderno y estilizado, con un aspecto personalizable mediante Edge Blades intercambiables.');
INSERT INTO soundseeker.producto (disponible, precio, categoria_id, id, marca, nombre, descripcion) VALUES (1, 1199.99, 3, 53, 'Kurzweil', 'Piano Digital Kurzweil M230 Rosewood Con Silla', '88 Teclas peso completo con acción graduada de martillo , teclado con sensibilidad ajustable. Presentando una variedad de pianos acústicos y eléctricos , órganos ,guitarra e instrumentos de orquesta. Maneja un panel de control de fácil acceso para las funciones que contiende el piano. Maneja los pedales de sustein, sostenuto y pedal suave. (128 Polifonías - 20 wats speakers).');
INSERT INTO soundseeker.producto (disponible, precio, categoria_id, id, marca, nombre, descripcion) VALUES (1, 999.99, 3, 54, 'Yamaha', 'Piano Digital Yamaha DGX670 con Adaptador', 'El DGX-670 es un piano digital para disfrutar de todo, desde tocar el piano directamente hasta tocar junto con otros instrumentos. Además de la alta calidad del piano, los estilos de acompañamiento automático avanzados brindan respaldo en una amplia gama de géneros musicales, incluidos pop, R&B y jazz.');
INSERT INTO soundseeker.producto (disponible, precio, categoria_id, id, marca, nombre, descripcion) VALUES (1, 999.99, 3, 55, 'Medeli', 'Piano Digital Medeli DP460K', 'El DP460K está equipado con un procesador de polifonía de 256 notas que captura todas las notas de su interpretación, desde las cuatro manos que tocan en el modo Twin Piano hasta el pedaleo pesado cuando toca una pieza de Rachmaninoff. Toda la reproducción se puede grabar como un archivo de audio en la unidad externa USB para facilitar el acceso y compartir en la computadora. Una interfaz de audio USB permite que el piano se conecte a cualquier dispositivo móvil y se convierta en un reproductor de sistema estéreo completo. DP460K también proporciona un sonido rico y expresivo con un potente amplificador de 25 vatios, lo que permite que el jugador emerja rápidamente en los alrededores. Equipado con el nuevo teclado K8, el DP460K brinda un verdadero toque de piano con sus tapas de marfil, tres puntos de contacto con sensores que capturan la expresividad del jugador y un sistema de martillo especial que recrea la sensación de un piano acústico.');
INSERT INTO soundseeker.producto (disponible, precio, categoria_id, id, marca, nombre, descripcion) VALUES (1, 359.99, 4, 56, 'Tycoon', 'Timbales Tycoon 14"-15" Cuerpo en Cromo', 'Calidad de sonido superior y autenticidad en el sonido diseñado para el timbalero profesional o avanzado. Acabado especialmente formulado de “Splashed Copper” diseñado para una máxima durabilidad sin sacrificar la calidad del sonido. Incluye soporte de timbal resistente, totalmente ajustable en altura, inclinable, soporte de montaje para cencerro con cencerro Tycoon TW-60, par de baquetas de timbal y llave de ajuste. Una excelente adición a la configuración de cualquier músico. Conchas disponibles en profundidad estándar (6.5" de altura) y en una configuración de carcasa de 14" y 15" de diámetro.');
INSERT INTO soundseeker.producto (disponible, precio, categoria_id, id, marca, nombre, descripcion) VALUES (1, 399.99, 4, 57, 'Tycoon', 'Timbales Tycoon Ralph Irizarry 14"-15"', 'Estos timbales han sido diseñados en colaboración con el maestro Ralph Irizarry, su calidad superior y autenticidad en el sonido lo hace especial para profesionales y músicos avanzados.');
INSERT INTO soundseeker.producto (disponible, precio, categoria_id, id, marca, nombre, descripcion) VALUES (1, 299.99, 4, 58, 'Tycoon', 'Tumbadora Tycoon Master Platinum Tri-Fade Series', 'Construido con madera de roble Siam envejecida seleccionada a mano, que proporciona una durabilidad excepcional y un sonido inigualable. 30" de altura con barriga ancha para crear tonos graves ricos y profundos. Aros de lujo, placas laterales reforzadas con orejetas de afinación de 3/8" de diámetro.');
INSERT INTO soundseeker.producto (disponible, precio, categoria_id, id, marca, nombre, descripcion) VALUES (1, 359.99, 4, 59, 'Tycoon', 'Tumbadora Tycoon Master Classic Series Natural MTC-130', 'Construido con madera de roble Siam envejecida seleccionada a mano, que proporciona una durabilidad excepcional y un sonido inigualable. 30" de altura con barriga ancha para crear tonos graves ricos y profundos. Aros de lujo, placas laterales reforzadas con orejetas de afinación de 3/8" de diámetro.');
INSERT INTO soundseeker.producto (disponible, precio, categoria_id, id, marca, nombre, descripcion) VALUES (1, 299.99, 4, 60, 'Tycoon', 'Conga Compacta 11.75 Tycoon Tac-120 BC HC', 'Las Congas de Tycoon están diseñadas para introducir una dimensión completamente nueva de portabilidad nunca antes vista en nuestra línea de congas. Utilizando la misma construcción de casco Siam Oak con duelas que nuestras congas Master Series, las Congas miden solo 4-3/4" de altura y están equipados con parches Remo M7 para una máxima durabilidad y retención de afinación. ');
INSERT INTO soundseeker.producto (disponible, precio, categoria_id, id, marca, nombre, descripcion) VALUES (1, 359.99, 4, 61, 'Tycoon', 'Congas Tycoon Supremo 11-12 con Base', 'Ideal para estudiantes y fanáticos de la percusión, sus componentes lo hacen sólidamente construido y le dan un gran sonido. ');
INSERT INTO soundseeker.producto (disponible, precio, categoria_id, id, marca, nombre, descripcion) VALUES (1, 359.99, 4, 62, 'Tycoon', 'Congas Tycoon 10 11 Supr Natural Con Stand STC-B N/D', 'Ideal para Ideal para principiantes y entusiastas de la percusión. 28" de alto, construido con madera de roble Siam envejecida seleccionada a mano, que brinda una durabilidad excepcional y sonidos inigualables. Valor excepcional para un conjunto de gran sonido bien construido para congas de tamaño completo. Aros Deluxe con recubrimiento de polvo negro, placas laterales reforzadas con orejetas de afinación de 5/16" de diámetro. ');
INSERT INTO soundseeker.producto (disponible, precio, categoria_id, id, marca, nombre, descripcion) VALUES (1, 399.99, 4, 63, 'Tycoon', 'Bongos 40th Anniversary Celebration Series Tycoon', 'La serie Tycoon Percussion 12" 40th Anniversary Celebration Series Djembe es una celebración tanto de la musicalidad como de la artesanía, que marca los 40 años de excelencia de Tycoon en la fabricación de percusión. Elaborado con una impecable atención al detalle, este djembe de 12 pulgadas está construido con materiales de primer nivel que no solo le dan una apariencia impresionante, sino que también contribuyen a su sonido rico y vibrante.');
INSERT INTO soundseeker.producto (disponible, precio, categoria_id, id, marca, nombre, descripcion) VALUES (1, 199.99, 4, 64, 'Tycoon', 'Bongo Tycoon Concierto Series Green Spectrum TB-800C', 'Los bongos Tycoon Percussion Concerto Green Spectrum combinan materiales de primera calidad con un diseño meticuloso para crear un sonido superior que generará ondas rítmicas nítidas en cualquier aplicación musical, desde el escenario hasta el estudio y los círculos casuales de batería con amigos.');
INSERT INTO soundseeker.producto (disponible, precio, categoria_id, id, marca, nombre, descripcion) VALUES (1, 39.99, 4, 65, 'Tycoon', 'Maracas Tycoon de Piel Vaca Natural TMSC-110', 'Maracas de piel de vaca natural con mangos de madera, con nuevo material de relleno especialmente diseñado para producir sonidos nítidos.');
INSERT INTO soundseeker.producto (disponible, precio, categoria_id, id, marca, nombre, descripcion) VALUES (1, 39.99, 4, 66, 'Tycoon', 'Maracas Tycoon Cuero Crudo Round Natural TMS120', 'Maracas de cuero natural que proporcionan un sonido más completo. Mangos hechos de madera ecológica de Roble Siam Especialmente diseñados de un nuevo material para producir un sonidos nítidos.');
INSERT INTO soundseeker.producto (disponible, precio, categoria_id, id, marca, nombre, descripcion) VALUES (1, 99.99, 4, 67, 'Tycoon', 'Güiro Merenguero Pequeño Tycoon', 'Proporciona la base rítmica de música de merengue o cumbia. Diseñado para dar un sonido durable.');
INSERT INTO soundseeker.producto (disponible, precio, categoria_id, id, marca, nombre, descripcion) VALUES (1, 109.99, 4, 68, 'Tycoon', 'Güiro Merenguero Grande Tycoon', 'Proporciona la base rítmica de música de merengue o cumbia. Diseñado para dar un sonido durable.');
INSERT INTO soundseeker.producto (disponible, precio, categoria_id, id, marca, nombre, descripcion) VALUES (1, 499.99, 4, 69, 'Ludwig', 'Redoblante Ludwig Metal Black Magic', 'Nada suena como una caja de latón. La dinámica, la sensibilidad y la proyección de Brass son insuperables. El Ludwig Black Magic presta la construcción de níquel sobre latón negro con cuentas de Black Beauty, para una apariencia tan impresionante como su tono. A diferencia de las Black Beautys tradicionales, que vienen con aros con bridas, la Ludwig Black Magic viene con aros fundidos a presión para un ataque seco y nítido bajo micrófonos cercanos. El resultado es un tono decididamente más moderno que el baterista de hoy disfrutará.');
INSERT INTO soundseeker.producto (disponible, precio, categoria_id, id, marca, nombre, descripcion) VALUES (1, 199.99, 4, 70, 'Tycoon', 'Redoblante Tom Grasso 14"X3.5" Abedul', 'Redoblante en madera de abedul 14" x 3.5". Lacado rojo. Incluye baquetas y llave de afinación. 8 tensores.');
INSERT INTO soundseeker.producto (disponible, precio, categoria_id, id, marca, nombre, descripcion) VALUES (1, 99.99, 4, 71, 'LP', 'Campana Para Timbal LP LP322 Cromado Antiguo', 'Los poderosos y medios matices producidos por esta campana son tan únicos como el mismo "El Rey del Timbal". El Tito Puente Signature Cowbell está hecho en los EE. UU. Y tiene un cáncamo auto-alineador patentado por LP que se ajusta a varillas de 3/8" a 1/2" de diámetro.');
INSERT INTO soundseeker.producto (disponible, precio, categoria_id, id, marca, nombre, descripcion) VALUES (1, 399.99, 7, 72, 'Tom Grasso', 'Clarinete SIB JBCL-540', 'Clarinete de estudio Bb de baquelita, 18 teclas, color negro satinado, almohadillas italianas, boquilla y estuche de ABS incluidos.');
INSERT INTO soundseeker.producto (disponible, precio, categoria_id, id, marca, nombre, descripcion) VALUES (1, 699.99, 7, 73, 'Leblanc', 'Clarinete 17 Llaves SIB Leblanc CL501', 'El clarinete en madera de granadilla CL501, es hermoso modelo de estudio.');
INSERT INTO soundseeker.producto (disponible, precio, categoria_id, id, marca, nombre, descripcion) VALUES (1, 1199.99, 7, 74, 'Tom Grasso', 'Trompeta JBTR-410L', 'Trompeta escala Sib, escala: 11,66 mm, campana: 125 mm, tubo de afinación: cobre-níquel, revestimiento: barniz, plata, níquel.');
INSERT INTO soundseeker.producto (disponible, precio, categoria_id, id, marca, nombre, descripcion) VALUES (1, 1499.99, 7, 75, 'Bach', 'Trompeta para Estudiante Bach TR500DIR', 'Los instrumentos Bach Aristocrat son presentados por Conn-Selmer, el mayor fabricante estadounidense de instrumentos de banda. Aristocrat representa una línea premium de instrumentos musicales de calidad a precios razonables para los jóvenes jugadores de hoy en día que se fabrican según nuestras especificaciones exactas. Respaldados por garantías y servicios completos, los instrumentos de Aristocrat son adecuados para jugadores de todas las edades.');
INSERT INTO soundseeker.producto (disponible, precio, categoria_id, id, marca, nombre, descripcion) VALUES (1, 1199.99, 7, 76, 'Bach', 'Trompeta para Estudiante Bach TR650', 'La Trompeta lacada Selmer-Bach TR650 es un instrumento para estudiantes. Sus características la hacen un instrumento muy versátil y práctico también para iniciación musical, Sus pistones están construidos en acero inoxidable para mayor duración y disminuir su mantenimiento, Posee anillo pulgar en primera bomba y anillo de afinación en tercera bomba.');
INSERT INTO soundseeker.producto (disponible, precio, categoria_id, id, marca, nombre, descripcion) VALUES (1, 1699.99, 7, 77, 'Conn-Selmer', 'Saxofón Alto Conn AS650', 'Hoy, CG Conn establece el estándar para instrumentos de latón de alta calidad. La larga y exitosa historia de la fabricación ha crecido, impulsada por la pasión y el amor a la música. ¡Toca y lo oirás!');
INSERT INTO soundseeker.producto (disponible, precio, categoria_id, id, marca, nombre, descripcion) VALUES (1, 599.99, 7, 78, 'Tom Grasso', 'Saxofón Soprano JBSST-400L', 'Este es un instrumento con un rango de una octava por encima del saxofón alto. Aunque es un instrumento difícil de tocar porque es fabricado solo por un número limitado de fabricantes, Tom Grasso ha revisado la disposición de las teclas y el diseño del tubo para lograr una disposición de teclas natural y una sensación de tocar.');
INSERT INTO soundseeker.producto (disponible, precio, categoria_id, id, marca, nombre, descripcion) VALUES (1, 1899.99, 7, 79, 'Conn-Selmer', 'Saxofón Soprano SC650', 'Lo que hace que el saxo soprano curvo Conn SC650 se destaque de otros instrumentos de precio similar son los Pisoni pads. Estos italianos pads proporcionan un sello excepcional que ayuda a la producción tuning y a la toma de notas - una excelente ventaja para cualquier estudiante.');
INSERT INTO soundseeker.producto (disponible, precio, categoria_id, id, marca, nombre, descripcion) VALUES (1, 1299.99, 7, 80, 'Bach', 'Trombón Tenor Sib/DO Bach B650DIR', 'El trombón TB650, es un tenor de gran calibre, diseñado como alternativa entre los instrumentos de bajo y de alto calibre. Apto para estudiantes y músicos aficionados.');
INSERT INTO soundseeker.producto (disponible, precio, categoria_id, id, marca, nombre, descripcion) VALUES (1, 1299.99, 7, 81, 'Bach', 'Trombón Tenor JBSL-700L', 'El Trombón JBSL - 700L, es un Tenor de gran calibre, diseñado como alternativa entre los instrumentos de bajo y de alto calibre. Apto para estudiantes y músicos aficionados. ');
INSERT INTO soundseeker.producto (disponible, precio, categoria_id, id, marca, nombre, descripcion) VALUES (1, 499.99, 7, 82, 'Tom Grasso', 'Flauta Traversa con Sistema Cerrado', 'La Flauta Traversa JBFL-6238S, es de sistema cerrado y está elaborada en níquel, sus acabados la hacen visualmente elegante. Ha sido diseñada para principiantes, aunque ofrece todas las características de una Flauta de nivel avanzado, proporcionando una respuesta rápida, sonido pastoso y nítido, carácter tonal, afinación exacta y flexibilidad.');
INSERT INTO soundseeker.producto (disponible, precio, categoria_id, id, marca, nombre, descripcion) VALUES (1, 999.99, 7, 83, 'Armstrong', 'Flauta Traversa con Sistema Cerrado Armstrong', 'Durante más de 75 años, las flautas de Armstrong han sido la encarnación de la confiabilidad. Los maestros y músicos de todo el mundo siguen recomendando las flautas de Armstrong.');
INSERT INTO soundseeker.producto (disponible, precio, categoria_id, id, marca, nombre, descripcion) VALUES (1, 1399.99, 7, 84, 'Armstrong', 'Flauta Traversa con Sistema Abierto Armstrong', 'Durante más de 75 años, las flautas de Armstrong han sido la encarnación de la confiabilidad. Los maestros y músicos de todo el mundo siguen recomendando las flautas de Armstrong.');
INSERT INTO soundseeker.producto (disponible, precio, categoria_id, id, marca, nombre, descripcion) VALUES (1, 99.99, 7, 85, 'Jimbao', 'Corneta Plateada JBN1N Jimbao', 'Un excelente instrumento en afinación Bb y acabado plateado.');
INSERT INTO soundseeker.producto (disponible, precio, categoria_id, id, marca, nombre, descripcion) VALUES (1, 199.99, 7, 86, 'Jimbao', 'Corneta Doradas JBBC-1600 L Jimbao', 'Cuerno de caza, Acción Sib, Campana: 146mm, Material: latón, Chapado: barniz, plata, níquel.');
INSERT INTO soundseeker.producto (disponible, precio, categoria_id, id, marca, nombre, descripcion) VALUES (1, 49.99, 7, 87, 'Hohner', 'Melódica Fire Hohner C9432174 Red-Black (9432/32)', 'Desde el funk hasta el reggaeton, los ritmos calientes son una parte importante de la experiencia. Los conjuntos funky condicen con los ritmos apasionados, el baile rápido y las bebidas divertidas. Por supuesto, la melódica no puede solo brindar el telón de fondo con sonido perfecto, también tiene que lucir adecuada para la situación. Con la Fire Melódica, hemos dado a nuestra melódica un nuevo aspecto que volará sus cabezas. Teclas negras y rojas y un cuerpo rojo y brillante con una estructura robusta, hermética y el sonido típico de la melódica. ¡Un diseño robusto para un instrumento caliente!');
INSERT INTO soundseeker.producto (disponible, precio, categoria_id, id, marca, nombre, descripcion) VALUES (1, 599.99, 8, 88, 'Verona', 'Violín 4/4 Sólido Verona HXTQ09FRO Natural', 'El Violín Verona es un instrumento hecho de madera solida, diseñado para estudiantes de nivel académico medio o iniciación para estudios formales.');
INSERT INTO soundseeker.producto (disponible, precio, categoria_id, id, marca, nombre, descripcion) VALUES (1, 1299.99, 8, 89, 'Gliga', 'Violín 4/4 Gliga Gems I Genova AG-V044-A', 'Estudiante avanzado violín Genova AG-V044-A tamaño 4/4. El instrumento está hecho de arce moderadamente ondulado. Hermoso diseño, acabado antiguo. El violín está hecho según el modelo Stradivari. La caja de resonancia superior, klets y esquinas del macizo del abeto resonante de los Cárpatos. La cubierta inferior y los lados están hechos de arce de los Cárpatos con ondulación. Diapasón de ébano. Clavijas, fuelle, botón y mentonera en arce ondulado.');
INSERT INTO soundseeker.producto (disponible, precio, categoria_id, id, marca, nombre, descripcion) VALUES (1, 399.99, 8, 90, 'Verona', 'Viola 16.5 Sólida Inland Verona', 'La Viola Verona , es un bello instrumento, diseñado bajo estrictos estándares de calidad, lo que le otorga un sonido dulce y agudo, es fácil de usar y ideal para estudiantes y principiantes.');
INSERT INTO soundseeker.producto (disponible, precio, categoria_id, id, marca, nombre, descripcion) VALUES (1, 999.99, 8, 91, 'Gliga', 'Viola 16,5" Gliga Genial II B-V165', 'Este es un instrumento modelo Stradivari hecho a mano. La tapa del alto está hecha de abeto macizo, mientras que la base y los aros están hechos de arce. La cubierta inferior consta de dos partes. El mástil está hecho de arce, mientras que el mástil, el mástil, la mentonera y las clavijas están hechas de ébano (ébano). El instrumento está lacado con nitrocelulosa, lo que permite que la madera resuene libremente. La madera del instrumento proviene de las montañas de los Cárpatos y se seca durante varios años para garantizar una calidad de sonido óptima.');
INSERT INTO soundseeker.producto (disponible, precio, categoria_id, id, marca, nombre, descripcion) VALUES (1, 1199.99, 8, 92, 'Verona', 'Contrabajo 4/4 Laminado Verona', 'El Contrabajo Verona es un hermoso instrumento con excelentes acabados y un peso es moderado.');
INSERT INTO soundseeker.producto (disponible, precio, categoria_id, id, marca, nombre, descripcion) VALUES (1, 599.99, 8, 93, 'Verona', 'Chelo 1/4 Laminado Verona', 'El chelo es un instrumento musical de cuerda frotada, perteneciente a la familia del violín y de tamaño y registro entre la viola y el contrabajo. Su afinación corresponde a una octava más grave que la de la viola. Su tono es rico y sonoro, sus cuerdas altas tienen una cualidad melódica inconfundible.');
INSERT INTO soundseeker.producto (disponible, precio, categoria_id, id, marca, nombre, descripcion) VALUES (1, 599.99, 8, 94, 'Verona', 'Chelo 1/2 Laminado Verona', 'El chelo es un instrumento musical de cuerda frotada, perteneciente a la familia del violín y de tamaño y registro entre la viola y el contrabajo. Su afinación corresponde a una octava más grave que la de la viola. Su tono es rico y sonoro, sus cuerdas altas tienen una cualidad melódica inconfundible.');
INSERT INTO soundseeker.producto (disponible, precio, categoria_id, id, marca, nombre, descripcion) VALUES (1, 599.99, 8, 95, 'Verona', 'Chelo 3/4 Laminado Verona', 'El chelo es un instrumento musical de cuerda frotada, perteneciente a la familia del violín y de tamaño y registro entre la viola y el contrabajo. Su afinación corresponde a una octava más grave que la de la viola. Su tono es rico y sonoro, sus cuerdas altas tienen una cualidad melódica inconfundible.');
INSERT INTO soundseeker.producto (disponible, precio, categoria_id, id, marca, nombre, descripcion) VALUES (1, 599.99, 8, 96, 'Verona', 'Chelo 4/4 Laminado Verona', 'El chelo es un instrumento musical de cuerda frotada, perteneciente a la familia del violín y de tamaño y registro entre la viola y el contrabajo. Su afinación corresponde a una octava más grave que la de la viola. Su tono es rico y sonoro, sus cuerdas altas tienen una cualidad melódica inconfundible.');
INSERT INTO soundseeker.imagenes_producto (producto_id, imagen) VALUES (1, '/img/CR100_1.webp');
INSERT INTO soundseeker.imagenes_producto (producto_id, imagen) VALUES (1, '/img/CR100_2.webp');
INSERT INTO soundseeker.imagenes_producto (producto_id, imagen) VALUES (1, '/img/CR100_3.webp');
INSERT INTO soundseeker.imagenes_producto (producto_id, imagen) VALUES (2, '/img/z9vjb11m.webp');
INSERT INTO soundseeker.imagenes_producto (producto_id, imagen) VALUES (3, '/img/81udjmrx.webp');
INSERT INTO soundseeker.imagenes_producto (producto_id, imagen) VALUES (4, '/img/045tsg5i.webp');
INSERT INTO soundseeker.imagenes_producto (producto_id, imagen) VALUES (5, '/img/l29h111q.webp');
INSERT INTO soundseeker.imagenes_producto (producto_id, imagen) VALUES (6, '/img/CoronaIII_1.webp');
INSERT INTO soundseeker.imagenes_producto (producto_id, imagen) VALUES (7, '/img/y6npaj0d.webp');
INSERT INTO soundseeker.imagenes_producto (producto_id, imagen) VALUES (8, '/img/cg6mg1kd.webp');
INSERT INTO soundseeker.imagenes_producto (producto_id, imagen) VALUES (9, '/img/u77n7jhm.webp');
INSERT INTO soundseeker.imagenes_producto (producto_id, imagen) VALUES (10, '/img/SK7LA_1.webp');
INSERT INTO soundseeker.imagenes_producto (producto_id, imagen) VALUES (11, '/img/g2ntop3b.webp');
INSERT INTO soundseeker.imagenes_producto (producto_id, imagen) VALUES (12, '/img/bmf2h23u.webp');
INSERT INTO soundseeker.imagenes_producto (producto_id, imagen) VALUES (13, '/img/rc83i078.webp');
INSERT INTO soundseeker.imagenes_producto (producto_id, imagen) VALUES (14, '/img/ig6qcjbg.webp');
INSERT INTO soundseeker.imagenes_producto (producto_id, imagen) VALUES (15, '/img/TYCOON30_1.webp');
INSERT INTO soundseeker.imagenes_producto (producto_id, imagen) VALUES (16, '/img/d95w9kzh.webp');
INSERT INTO soundseeker.imagenes_producto (producto_id, imagen) VALUES (17, '/img/j7uls3er.webp');
INSERT INTO soundseeker.imagenes_producto (producto_id, imagen) VALUES (18, '/img/70n8ju08.webp');
INSERT INTO soundseeker.imagenes_producto (producto_id, imagen) VALUES (19, '/img/E-X30_1.webp');
INSERT INTO soundseeker.imagenes_producto (producto_id, imagen) VALUES (20, '/img/eu9lxumj.webp');
INSERT INTO soundseeker.imagenes_producto (producto_id, imagen) VALUES (21, '/img/dkzfqmec.webp');
INSERT INTO soundseeker.imagenes_producto (producto_id, imagen) VALUES (22, '/img/LUDWIG20inAZUL_1.webp');
INSERT INTO soundseeker.imagenes_producto (producto_id, imagen) VALUES (23, '/img/nftkolih.webp');
INSERT INTO soundseeker.imagenes_producto (producto_id, imagen) VALUES (24, '/img/kv52b7dp.webp');
INSERT INTO soundseeker.imagenes_producto (producto_id, imagen) VALUES (25, '/img/2t44zw2s.webp');
INSERT INTO soundseeker.imagenes_producto (producto_id, imagen) VALUES (26, '/img/7nz5ggnt.webp');
INSERT INTO soundseeker.imagenes_producto (producto_id, imagen) VALUES (27, '/img/JBMT-510L_1.webp');
INSERT INTO soundseeker.imagenes_producto (producto_id, imagen) VALUES (28, '/img/fyhptyli.webp');
INSERT INTO soundseeker.imagenes_producto (producto_id, imagen) VALUES (29, '/img/s9zqslkn.webp');
INSERT INTO soundseeker.imagenes_producto (producto_id, imagen) VALUES (30, '/img/1si4ld0u.webp');
INSERT INTO soundseeker.imagenes_producto (producto_id, imagen) VALUES (31, '/img/HXTQ08A_1.webp');
INSERT INTO soundseeker.imagenes_producto (producto_id, imagen) VALUES (32, '/img/tr10jxne.webp');
INSERT INTO soundseeker.imagenes_producto (producto_id, imagen) VALUES (33, '/img/44ientn6.webp');
INSERT INTO soundseeker.imagenes_producto (producto_id, imagen) VALUES (34, '/img/9plh3rnl.webp');
INSERT INTO soundseeker.imagenes_producto (producto_id, imagen) VALUES (35, '/img/n12nk40h.webp');
INSERT INTO soundseeker.imagenes_producto (producto_id, imagen) VALUES (36, '/img/ndkoyexr.webp');
INSERT INTO soundseeker.imagenes_producto (producto_id, imagen) VALUES (37, '/img/ret0w5ff.webp');
INSERT INTO soundseeker.imagenes_producto (producto_id, imagen) VALUES (38, '/img/73de23d1.webp');
INSERT INTO soundseeker.imagenes_producto (producto_id, imagen) VALUES (39, '/img/98hkzz5o.webp');
INSERT INTO soundseeker.imagenes_producto (producto_id, imagen) VALUES (40, '/img/y6m75kcq.webp');
INSERT INTO soundseeker.imagenes_producto (producto_id, imagen) VALUES (41, '/img/yruiuqfs.webp');
INSERT INTO soundseeker.imagenes_producto (producto_id, imagen) VALUES (42, '/img/ab5cttgt.webp');
INSERT INTO soundseeker.imagenes_producto (producto_id, imagen) VALUES (43, '/img/okgong17.webp');
INSERT INTO soundseeker.imagenes_producto (producto_id, imagen) VALUES (44, '/img/ba3qncoe.webp');
INSERT INTO soundseeker.imagenes_producto (producto_id, imagen) VALUES (45, '/img/prkpaiw9.webp');
INSERT INTO soundseeker.imagenes_producto (producto_id, imagen) VALUES (46, '/img/knfmldrj.webp');
INSERT INTO soundseeker.imagenes_producto (producto_id, imagen) VALUES (47, '/img/rm4r95iw.webp');
INSERT INTO soundseeker.imagenes_producto (producto_id, imagen) VALUES (48, '/img/0yrb0gl8.webp');
INSERT INTO soundseeker.imagenes_producto (producto_id, imagen) VALUES (49, '/img/ufy53d0r.webp');
INSERT INTO soundseeker.imagenes_producto (producto_id, imagen) VALUES (50, '/img/bmcyndpb.webp');
INSERT INTO soundseeker.imagenes_producto (producto_id, imagen) VALUES (51, '/img/uaxp12zg.webp');
INSERT INTO soundseeker.imagenes_producto (producto_id, imagen) VALUES (52, '/img/quk0xaba.webp');
INSERT INTO soundseeker.imagenes_producto (producto_id, imagen) VALUES (53, '/img/qwvxyop8.webp');
INSERT INTO soundseeker.imagenes_producto (producto_id, imagen) VALUES (54, '/img/7xiiwpvf.webp');
INSERT INTO soundseeker.imagenes_producto (producto_id, imagen) VALUES (55, '/img/ta5yq7bd.webp');
INSERT INTO soundseeker.imagenes_producto (producto_id, imagen) VALUES (56, '/img/sfc4p9yg.webp');
INSERT INTO soundseeker.imagenes_producto (producto_id, imagen) VALUES (57, '/img/k27urnlq.webp');
INSERT INTO soundseeker.imagenes_producto (producto_id, imagen) VALUES (58, '/img/hqdzahuf.webp');
INSERT INTO soundseeker.imagenes_producto (producto_id, imagen) VALUES (59, '/img/rtlmawch.webp');
INSERT INTO soundseeker.imagenes_producto (producto_id, imagen) VALUES (60, '/img/r87dlqg6.webp');
INSERT INTO soundseeker.imagenes_producto (producto_id, imagen) VALUES (61, '/img/y0jrlybm.webp');
INSERT INTO soundseeker.imagenes_producto (producto_id, imagen) VALUES (62, '/img/1b4e81s7.webp');
INSERT INTO soundseeker.imagenes_producto (producto_id, imagen) VALUES (63, '/img/s6yh940e.webp');
INSERT INTO soundseeker.imagenes_producto (producto_id, imagen) VALUES (64, '/img/2zpiqi19.webp');
INSERT INTO soundseeker.imagenes_producto (producto_id, imagen) VALUES (65, '/img/4gssgmjx.webp');
INSERT INTO soundseeker.imagenes_producto (producto_id, imagen) VALUES (66, '/img/4ldumxst.webp');
INSERT INTO soundseeker.imagenes_producto (producto_id, imagen) VALUES (67, '/img/7cqdneee.webp');
INSERT INTO soundseeker.imagenes_producto (producto_id, imagen) VALUES (68, '/img/ryu9pg9e.webp');
INSERT INTO soundseeker.imagenes_producto (producto_id, imagen) VALUES (69, '/img/s62t1h58.webp');
INSERT INTO soundseeker.imagenes_producto (producto_id, imagen) VALUES (70, '/img/akt8d9bk.webp');
INSERT INTO soundseeker.imagenes_producto (producto_id, imagen) VALUES (71, '/img/70h8timj.webp');
INSERT INTO soundseeker.imagenes_producto (producto_id, imagen) VALUES (72, '/img/285w0l9p.webp');
INSERT INTO soundseeker.imagenes_producto (producto_id, imagen) VALUES (73, '/img/av5u9qsq.webp');
INSERT INTO soundseeker.imagenes_producto (producto_id, imagen) VALUES (74, '/img/s5bvlhgz.webp');
INSERT INTO soundseeker.imagenes_producto (producto_id, imagen) VALUES (75, '/img/042uswq9.webp');
INSERT INTO soundseeker.imagenes_producto (producto_id, imagen) VALUES (76, '/img/a63ix6ub.webp');
INSERT INTO soundseeker.imagenes_producto (producto_id, imagen) VALUES (77, '/img/07sja2qj.webp');
INSERT INTO soundseeker.imagenes_producto (producto_id, imagen) VALUES (78, '/img/k6o26orn.webp');
INSERT INTO soundseeker.imagenes_producto (producto_id, imagen) VALUES (79, '/img/b1chk5bg.webp');
INSERT INTO soundseeker.imagenes_producto (producto_id, imagen) VALUES (80, '/img/ddbyj37b.webp');
INSERT INTO soundseeker.imagenes_producto (producto_id, imagen) VALUES (81, '/img/yk8ie2q9.webp');
INSERT INTO soundseeker.imagenes_producto (producto_id, imagen) VALUES (82, '/img/e0328umj.webp');
INSERT INTO soundseeker.imagenes_producto (producto_id, imagen) VALUES (83, '/img/bztnhybs.webp');
INSERT INTO soundseeker.imagenes_producto (producto_id, imagen) VALUES (84, '/img/aqd5s0ch.webp');
INSERT INTO soundseeker.imagenes_producto (producto_id, imagen) VALUES (85, '/img/viquibod.webp');
INSERT INTO soundseeker.imagenes_producto (producto_id, imagen) VALUES (86, '/img/eibo6hwc.webp');
INSERT INTO soundseeker.imagenes_producto (producto_id, imagen) VALUES (87, '/img/lg1jorfm.webp');
INSERT INTO soundseeker.imagenes_producto (producto_id, imagen) VALUES (88, '/img/2zmqvhvm.webp');
INSERT INTO soundseeker.imagenes_producto (producto_id, imagen) VALUES (89, '/img/uhf5ajkq.webp');
INSERT INTO soundseeker.imagenes_producto (producto_id, imagen) VALUES (90, '/img/qi6vzf6n.webp');
INSERT INTO soundseeker.imagenes_producto (producto_id, imagen) VALUES (91, '/img/8nkrf6aa.webp');
INSERT INTO soundseeker.imagenes_producto (producto_id, imagen) VALUES (92, '/img/7gmh2ecf.webp');
INSERT INTO soundseeker.imagenes_producto (producto_id, imagen) VALUES (93, '/img/9aabqmen.webp');
INSERT INTO soundseeker.imagenes_producto (producto_id, imagen) VALUES (94, '/img/tnjj8dj8.webp');
INSERT INTO soundseeker.imagenes_producto (producto_id, imagen) VALUES (95, '/img/sgzovl0h.webp');
INSERT INTO soundseeker.imagenes_producto (producto_id, imagen) VALUES (96, '/img/oit5y3yl.webp');
INSERT INTO soundseeker.producto_caracteristica (caracteristica_id, producto_id) VALUES (1, 1);
INSERT INTO soundseeker.producto_caracteristica (caracteristica_id, producto_id) VALUES (10, 1);
INSERT INTO soundseeker.producto_caracteristica (caracteristica_id, producto_id) VALUES (15, 1);
INSERT INTO soundseeker.producto_caracteristica (caracteristica_id, producto_id) VALUES (25, 1);
INSERT INTO soundseeker.producto_caracteristica (caracteristica_id, producto_id) VALUES (27, 1);
INSERT INTO soundseeker.producto_caracteristica (caracteristica_id, producto_id) VALUES (30, 1);
INSERT INTO soundseeker.producto_caracteristica (caracteristica_id, producto_id) VALUES (2, 2);
INSERT INTO soundseeker.producto_caracteristica (caracteristica_id, producto_id) VALUES (10, 2);
INSERT INTO soundseeker.producto_caracteristica (caracteristica_id, producto_id) VALUES (15, 2);
INSERT INTO soundseeker.producto_caracteristica (caracteristica_id, producto_id) VALUES (25, 2);
INSERT INTO soundseeker.producto_caracteristica (caracteristica_id, producto_id) VALUES (28, 2);
INSERT INTO soundseeker.producto_caracteristica (caracteristica_id, producto_id) VALUES (29, 2);
INSERT INTO soundseeker.producto_caracteristica (caracteristica_id, producto_id) VALUES (3, 3);
INSERT INTO soundseeker.producto_caracteristica (caracteristica_id, producto_id) VALUES (10, 3);
INSERT INTO soundseeker.producto_caracteristica (caracteristica_id, producto_id) VALUES (18, 3);
INSERT INTO soundseeker.producto_caracteristica (caracteristica_id, producto_id) VALUES (25, 3);
INSERT INTO soundseeker.producto_caracteristica (caracteristica_id, producto_id) VALUES (26, 3);
INSERT INTO soundseeker.producto_caracteristica (caracteristica_id, producto_id) VALUES (30, 3);
INSERT INTO soundseeker.producto_caracteristica (caracteristica_id, producto_id) VALUES (2, 4);
INSERT INTO soundseeker.producto_caracteristica (caracteristica_id, producto_id) VALUES (10, 4);
INSERT INTO soundseeker.producto_caracteristica (caracteristica_id, producto_id) VALUES (14, 4);
INSERT INTO soundseeker.producto_caracteristica (caracteristica_id, producto_id) VALUES (25, 4);
INSERT INTO soundseeker.producto_caracteristica (caracteristica_id, producto_id) VALUES (26, 4);
INSERT INTO soundseeker.producto_caracteristica (caracteristica_id, producto_id) VALUES (29, 4);
INSERT INTO soundseeker.producto_caracteristica (caracteristica_id, producto_id) VALUES (3, 5);
INSERT INTO soundseeker.producto_caracteristica (caracteristica_id, producto_id) VALUES (10, 5);
INSERT INTO soundseeker.producto_caracteristica (caracteristica_id, producto_id) VALUES (16, 5);
INSERT INTO soundseeker.producto_caracteristica (caracteristica_id, producto_id) VALUES (25, 5);
INSERT INTO soundseeker.producto_caracteristica (caracteristica_id, producto_id) VALUES (28, 5);
INSERT INTO soundseeker.producto_caracteristica (caracteristica_id, producto_id) VALUES (29, 5);
INSERT INTO soundseeker.producto_caracteristica (caracteristica_id, producto_id) VALUES (8, 6);
INSERT INTO soundseeker.producto_caracteristica (caracteristica_id, producto_id) VALUES (17, 6);
INSERT INTO soundseeker.producto_caracteristica (caracteristica_id, producto_id) VALUES (22, 6);
INSERT INTO soundseeker.producto_caracteristica (caracteristica_id, producto_id) VALUES (27, 6);
INSERT INTO soundseeker.producto_caracteristica (caracteristica_id, producto_id) VALUES (30, 6);
INSERT INTO soundseeker.producto_caracteristica (caracteristica_id, producto_id) VALUES (8, 7);
INSERT INTO soundseeker.producto_caracteristica (caracteristica_id, producto_id) VALUES (14, 7);
INSERT INTO soundseeker.producto_caracteristica (caracteristica_id, producto_id) VALUES (22, 7);
INSERT INTO soundseeker.producto_caracteristica (caracteristica_id, producto_id) VALUES (28, 7);
INSERT INTO soundseeker.producto_caracteristica (caracteristica_id, producto_id) VALUES (29, 7);
INSERT INTO soundseeker.producto_caracteristica (caracteristica_id, producto_id) VALUES (8, 8);
INSERT INTO soundseeker.producto_caracteristica (caracteristica_id, producto_id) VALUES (18, 8);
INSERT INTO soundseeker.producto_caracteristica (caracteristica_id, producto_id) VALUES (22, 8);
INSERT INTO soundseeker.producto_caracteristica (caracteristica_id, producto_id) VALUES (26, 8);
INSERT INTO soundseeker.producto_caracteristica (caracteristica_id, producto_id) VALUES (30, 8);
INSERT INTO soundseeker.producto_caracteristica (caracteristica_id, producto_id) VALUES (8, 9);
INSERT INTO soundseeker.producto_caracteristica (caracteristica_id, producto_id) VALUES (19, 9);
INSERT INTO soundseeker.producto_caracteristica (caracteristica_id, producto_id) VALUES (22, 9);
INSERT INTO soundseeker.producto_caracteristica (caracteristica_id, producto_id) VALUES (27, 9);
INSERT INTO soundseeker.producto_caracteristica (caracteristica_id, producto_id) VALUES (30, 9);
INSERT INTO soundseeker.producto_caracteristica (caracteristica_id, producto_id) VALUES (13, 10);
INSERT INTO soundseeker.producto_caracteristica (caracteristica_id, producto_id) VALUES (16, 10);
INSERT INTO soundseeker.producto_caracteristica (caracteristica_id, producto_id) VALUES (25, 10);
INSERT INTO soundseeker.producto_caracteristica (caracteristica_id, producto_id) VALUES (28, 10);
INSERT INTO soundseeker.producto_caracteristica (caracteristica_id, producto_id) VALUES (30, 10);
INSERT INTO soundseeker.producto_caracteristica (caracteristica_id, producto_id) VALUES (12, 11);
INSERT INTO soundseeker.producto_caracteristica (caracteristica_id, producto_id) VALUES (18, 11);
INSERT INTO soundseeker.producto_caracteristica (caracteristica_id, producto_id) VALUES (25, 11);
INSERT INTO soundseeker.producto_caracteristica (caracteristica_id, producto_id) VALUES (27, 11);
INSERT INTO soundseeker.producto_caracteristica (caracteristica_id, producto_id) VALUES (30, 11);
INSERT INTO soundseeker.producto_caracteristica (caracteristica_id, producto_id) VALUES (13, 12);
INSERT INTO soundseeker.producto_caracteristica (caracteristica_id, producto_id) VALUES (15, 12);
INSERT INTO soundseeker.producto_caracteristica (caracteristica_id, producto_id) VALUES (25, 12);
INSERT INTO soundseeker.producto_caracteristica (caracteristica_id, producto_id) VALUES (26, 12);
INSERT INTO soundseeker.producto_caracteristica (caracteristica_id, producto_id) VALUES (29, 12);
INSERT INTO soundseeker.producto_caracteristica (caracteristica_id, producto_id) VALUES (13, 13);
INSERT INTO soundseeker.producto_caracteristica (caracteristica_id, producto_id) VALUES (17, 13);
INSERT INTO soundseeker.producto_caracteristica (caracteristica_id, producto_id) VALUES (25, 13);
INSERT INTO soundseeker.producto_caracteristica (caracteristica_id, producto_id) VALUES (26, 13);
INSERT INTO soundseeker.producto_caracteristica (caracteristica_id, producto_id) VALUES (30, 13);
INSERT INTO soundseeker.producto_caracteristica (caracteristica_id, producto_id) VALUES (13, 14);
INSERT INTO soundseeker.producto_caracteristica (caracteristica_id, producto_id) VALUES (19, 14);
INSERT INTO soundseeker.producto_caracteristica (caracteristica_id, producto_id) VALUES (25, 14);
INSERT INTO soundseeker.producto_caracteristica (caracteristica_id, producto_id) VALUES (28, 14);
INSERT INTO soundseeker.producto_caracteristica (caracteristica_id, producto_id) VALUES (29, 14);
INSERT INTO soundseeker.producto_caracteristica (caracteristica_id, producto_id) VALUES (8, 15);
INSERT INTO soundseeker.producto_caracteristica (caracteristica_id, producto_id) VALUES (16, 15);
INSERT INTO soundseeker.producto_caracteristica (caracteristica_id, producto_id) VALUES (27, 15);
INSERT INTO soundseeker.producto_caracteristica (caracteristica_id, producto_id) VALUES (30, 15);
INSERT INTO soundseeker.producto_caracteristica (caracteristica_id, producto_id) VALUES (34, 15);
INSERT INTO soundseeker.producto_caracteristica (caracteristica_id, producto_id) VALUES (8, 16);
INSERT INTO soundseeker.producto_caracteristica (caracteristica_id, producto_id) VALUES (15, 16);
INSERT INTO soundseeker.producto_caracteristica (caracteristica_id, producto_id) VALUES (26, 16);
INSERT INTO soundseeker.producto_caracteristica (caracteristica_id, producto_id) VALUES (29, 16);
INSERT INTO soundseeker.producto_caracteristica (caracteristica_id, producto_id) VALUES (33, 16);
INSERT INTO soundseeker.producto_caracteristica (caracteristica_id, producto_id) VALUES (8, 17);
INSERT INTO soundseeker.producto_caracteristica (caracteristica_id, producto_id) VALUES (19, 17);
INSERT INTO soundseeker.producto_caracteristica (caracteristica_id, producto_id) VALUES (28, 17);
INSERT INTO soundseeker.producto_caracteristica (caracteristica_id, producto_id) VALUES (29, 17);
INSERT INTO soundseeker.producto_caracteristica (caracteristica_id, producto_id) VALUES (37, 17);
INSERT INTO soundseeker.producto_caracteristica (caracteristica_id, producto_id) VALUES (8, 18);
INSERT INTO soundseeker.producto_caracteristica (caracteristica_id, producto_id) VALUES (14, 18);
INSERT INTO soundseeker.producto_caracteristica (caracteristica_id, producto_id) VALUES (28, 18);
INSERT INTO soundseeker.producto_caracteristica (caracteristica_id, producto_id) VALUES (29, 18);
INSERT INTO soundseeker.producto_caracteristica (caracteristica_id, producto_id) VALUES (38, 18);
INSERT INTO soundseeker.producto_caracteristica (caracteristica_id, producto_id) VALUES (13, 19);
INSERT INTO soundseeker.producto_caracteristica (caracteristica_id, producto_id) VALUES (16, 19);
INSERT INTO soundseeker.producto_caracteristica (caracteristica_id, producto_id) VALUES (27, 19);
INSERT INTO soundseeker.producto_caracteristica (caracteristica_id, producto_id) VALUES (30, 19);
INSERT INTO soundseeker.producto_caracteristica (caracteristica_id, producto_id) VALUES (31, 19);
INSERT INTO soundseeker.producto_caracteristica (caracteristica_id, producto_id) VALUES (12, 20);
INSERT INTO soundseeker.producto_caracteristica (caracteristica_id, producto_id) VALUES (17, 20);
INSERT INTO soundseeker.producto_caracteristica (caracteristica_id, producto_id) VALUES (26, 20);
INSERT INTO soundseeker.producto_caracteristica (caracteristica_id, producto_id) VALUES (29, 20);
INSERT INTO soundseeker.producto_caracteristica (caracteristica_id, producto_id) VALUES (32, 20);
INSERT INTO soundseeker.producto_caracteristica (caracteristica_id, producto_id) VALUES (12, 21);
INSERT INTO soundseeker.producto_caracteristica (caracteristica_id, producto_id) VALUES (18, 21);
INSERT INTO soundseeker.producto_caracteristica (caracteristica_id, producto_id) VALUES (28, 21);
INSERT INTO soundseeker.producto_caracteristica (caracteristica_id, producto_id) VALUES (30, 21);
INSERT INTO soundseeker.producto_caracteristica (caracteristica_id, producto_id) VALUES (31, 21);
INSERT INTO soundseeker.producto_caracteristica (caracteristica_id, producto_id) VALUES (16, 22);
INSERT INTO soundseeker.producto_caracteristica (caracteristica_id, producto_id) VALUES (20, 22);
INSERT INTO soundseeker.producto_caracteristica (caracteristica_id, producto_id) VALUES (28, 22);
INSERT INTO soundseeker.producto_caracteristica (caracteristica_id, producto_id) VALUES (30, 22);
INSERT INTO soundseeker.producto_caracteristica (caracteristica_id, producto_id) VALUES (18, 23);
INSERT INTO soundseeker.producto_caracteristica (caracteristica_id, producto_id) VALUES (22, 23);
INSERT INTO soundseeker.producto_caracteristica (caracteristica_id, producto_id) VALUES (27, 23);
INSERT INTO soundseeker.producto_caracteristica (caracteristica_id, producto_id) VALUES (29, 23);
INSERT INTO soundseeker.producto_caracteristica (caracteristica_id, producto_id) VALUES (14, 24);
INSERT INTO soundseeker.producto_caracteristica (caracteristica_id, producto_id) VALUES (20, 24);
INSERT INTO soundseeker.producto_caracteristica (caracteristica_id, producto_id) VALUES (26, 24);
INSERT INTO soundseeker.producto_caracteristica (caracteristica_id, producto_id) VALUES (29, 24);
INSERT INTO soundseeker.producto_caracteristica (caracteristica_id, producto_id) VALUES (15, 25);
INSERT INTO soundseeker.producto_caracteristica (caracteristica_id, producto_id) VALUES (22, 25);
INSERT INTO soundseeker.producto_caracteristica (caracteristica_id, producto_id) VALUES (27, 25);
INSERT INTO soundseeker.producto_caracteristica (caracteristica_id, producto_id) VALUES (30, 25);
INSERT INTO soundseeker.producto_caracteristica (caracteristica_id, producto_id) VALUES (19, 26);
INSERT INTO soundseeker.producto_caracteristica (caracteristica_id, producto_id) VALUES (20, 26);
INSERT INTO soundseeker.producto_caracteristica (caracteristica_id, producto_id) VALUES (26, 26);
INSERT INTO soundseeker.producto_caracteristica (caracteristica_id, producto_id) VALUES (30, 26);
INSERT INTO soundseeker.producto_caracteristica (caracteristica_id, producto_id) VALUES (7, 27);
INSERT INTO soundseeker.producto_caracteristica (caracteristica_id, producto_id) VALUES (17, 27);
INSERT INTO soundseeker.producto_caracteristica (caracteristica_id, producto_id) VALUES (20, 27);
INSERT INTO soundseeker.producto_caracteristica (caracteristica_id, producto_id) VALUES (28, 27);
INSERT INTO soundseeker.producto_caracteristica (caracteristica_id, producto_id) VALUES (29, 27);
INSERT INTO soundseeker.producto_caracteristica (caracteristica_id, producto_id) VALUES (9, 28);
INSERT INTO soundseeker.producto_caracteristica (caracteristica_id, producto_id) VALUES (19, 28);
INSERT INTO soundseeker.producto_caracteristica (caracteristica_id, producto_id) VALUES (24, 28);
INSERT INTO soundseeker.producto_caracteristica (caracteristica_id, producto_id) VALUES (27, 28);
INSERT INTO soundseeker.producto_caracteristica (caracteristica_id, producto_id) VALUES (30, 28);
INSERT INTO soundseeker.producto_caracteristica (caracteristica_id, producto_id) VALUES (8, 29);
INSERT INTO soundseeker.producto_caracteristica (caracteristica_id, producto_id) VALUES (17, 29);
INSERT INTO soundseeker.producto_caracteristica (caracteristica_id, producto_id) VALUES (21, 29);
INSERT INTO soundseeker.producto_caracteristica (caracteristica_id, producto_id) VALUES (27, 29);
INSERT INTO soundseeker.producto_caracteristica (caracteristica_id, producto_id) VALUES (30, 29);
INSERT INTO soundseeker.producto_caracteristica (caracteristica_id, producto_id) VALUES (9, 30);
INSERT INTO soundseeker.producto_caracteristica (caracteristica_id, producto_id) VALUES (19, 30);
INSERT INTO soundseeker.producto_caracteristica (caracteristica_id, producto_id) VALUES (21, 30);
INSERT INTO soundseeker.producto_caracteristica (caracteristica_id, producto_id) VALUES (28, 30);
INSERT INTO soundseeker.producto_caracteristica (caracteristica_id, producto_id) VALUES (30, 30);
INSERT INTO soundseeker.producto_caracteristica (caracteristica_id, producto_id) VALUES (1, 31);
INSERT INTO soundseeker.producto_caracteristica (caracteristica_id, producto_id) VALUES (10, 31);
INSERT INTO soundseeker.producto_caracteristica (caracteristica_id, producto_id) VALUES (15, 31);
INSERT INTO soundseeker.producto_caracteristica (caracteristica_id, producto_id) VALUES (25, 31);
INSERT INTO soundseeker.producto_caracteristica (caracteristica_id, producto_id) VALUES (28, 31);
INSERT INTO soundseeker.producto_caracteristica (caracteristica_id, producto_id) VALUES (29, 31);
INSERT INTO soundseeker.producto_caracteristica (caracteristica_id, producto_id) VALUES (1, 32);
INSERT INTO soundseeker.producto_caracteristica (caracteristica_id, producto_id) VALUES (9, 32);
INSERT INTO soundseeker.producto_caracteristica (caracteristica_id, producto_id) VALUES (18, 32);
INSERT INTO soundseeker.producto_caracteristica (caracteristica_id, producto_id) VALUES (25, 32);
INSERT INTO soundseeker.producto_caracteristica (caracteristica_id, producto_id) VALUES (27, 32);
INSERT INTO soundseeker.producto_caracteristica (caracteristica_id, producto_id) VALUES (30, 32);
INSERT INTO soundseeker.producto_caracteristica (caracteristica_id, producto_id) VALUES (1, 33);
INSERT INTO soundseeker.producto_caracteristica (caracteristica_id, producto_id) VALUES (9, 33);
INSERT INTO soundseeker.producto_caracteristica (caracteristica_id, producto_id) VALUES (15, 33);
INSERT INTO soundseeker.producto_caracteristica (caracteristica_id, producto_id) VALUES (25, 33);
INSERT INTO soundseeker.producto_caracteristica (caracteristica_id, producto_id) VALUES (26, 33);
INSERT INTO soundseeker.producto_caracteristica (caracteristica_id, producto_id) VALUES (30, 33);
INSERT INTO soundseeker.producto_caracteristica (caracteristica_id, producto_id) VALUES (1, 34);
INSERT INTO soundseeker.producto_caracteristica (caracteristica_id, producto_id) VALUES (8, 34);
INSERT INTO soundseeker.producto_caracteristica (caracteristica_id, producto_id) VALUES (15, 34);
INSERT INTO soundseeker.producto_caracteristica (caracteristica_id, producto_id) VALUES (25, 34);
INSERT INTO soundseeker.producto_caracteristica (caracteristica_id, producto_id) VALUES (26, 34);
INSERT INTO soundseeker.producto_caracteristica (caracteristica_id, producto_id) VALUES (30, 34);
INSERT INTO soundseeker.producto_caracteristica (caracteristica_id, producto_id) VALUES (3, 35);
INSERT INTO soundseeker.producto_caracteristica (caracteristica_id, producto_id) VALUES (10, 35);
INSERT INTO soundseeker.producto_caracteristica (caracteristica_id, producto_id) VALUES (15, 35);
INSERT INTO soundseeker.producto_caracteristica (caracteristica_id, producto_id) VALUES (25, 35);
INSERT INTO soundseeker.producto_caracteristica (caracteristica_id, producto_id) VALUES (28, 35);
INSERT INTO soundseeker.producto_caracteristica (caracteristica_id, producto_id) VALUES (29, 35);
INSERT INTO soundseeker.producto_caracteristica (caracteristica_id, producto_id) VALUES (3, 36);
INSERT INTO soundseeker.producto_caracteristica (caracteristica_id, producto_id) VALUES (10, 36);
INSERT INTO soundseeker.producto_caracteristica (caracteristica_id, producto_id) VALUES (16, 36);
INSERT INTO soundseeker.producto_caracteristica (caracteristica_id, producto_id) VALUES (25, 36);
INSERT INTO soundseeker.producto_caracteristica (caracteristica_id, producto_id) VALUES (27, 36);
INSERT INTO soundseeker.producto_caracteristica (caracteristica_id, producto_id) VALUES (29, 36);
INSERT INTO soundseeker.producto_caracteristica (caracteristica_id, producto_id) VALUES (3, 37);
INSERT INTO soundseeker.producto_caracteristica (caracteristica_id, producto_id) VALUES (10, 37);
INSERT INTO soundseeker.producto_caracteristica (caracteristica_id, producto_id) VALUES (18, 37);
INSERT INTO soundseeker.producto_caracteristica (caracteristica_id, producto_id) VALUES (25, 37);
INSERT INTO soundseeker.producto_caracteristica (caracteristica_id, producto_id) VALUES (26, 37);
INSERT INTO soundseeker.producto_caracteristica (caracteristica_id, producto_id) VALUES (30, 37);
INSERT INTO soundseeker.producto_caracteristica (caracteristica_id, producto_id) VALUES (3, 38);
INSERT INTO soundseeker.producto_caracteristica (caracteristica_id, producto_id) VALUES (10, 38);
INSERT INTO soundseeker.producto_caracteristica (caracteristica_id, producto_id) VALUES (18, 38);
INSERT INTO soundseeker.producto_caracteristica (caracteristica_id, producto_id) VALUES (25, 38);
INSERT INTO soundseeker.producto_caracteristica (caracteristica_id, producto_id) VALUES (28, 38);
INSERT INTO soundseeker.producto_caracteristica (caracteristica_id, producto_id) VALUES (30, 38);
INSERT INTO soundseeker.producto_caracteristica (caracteristica_id, producto_id) VALUES (1, 39);
INSERT INTO soundseeker.producto_caracteristica (caracteristica_id, producto_id) VALUES (8, 39);
INSERT INTO soundseeker.producto_caracteristica (caracteristica_id, producto_id) VALUES (15, 39);
INSERT INTO soundseeker.producto_caracteristica (caracteristica_id, producto_id) VALUES (25, 39);
INSERT INTO soundseeker.producto_caracteristica (caracteristica_id, producto_id) VALUES (28, 39);
INSERT INTO soundseeker.producto_caracteristica (caracteristica_id, producto_id) VALUES (29, 39);
INSERT INTO soundseeker.producto_caracteristica (caracteristica_id, producto_id) VALUES (1, 40);
INSERT INTO soundseeker.producto_caracteristica (caracteristica_id, producto_id) VALUES (8, 40);
INSERT INTO soundseeker.producto_caracteristica (caracteristica_id, producto_id) VALUES (16, 40);
INSERT INTO soundseeker.producto_caracteristica (caracteristica_id, producto_id) VALUES (25, 40);
INSERT INTO soundseeker.producto_caracteristica (caracteristica_id, producto_id) VALUES (28, 40);
INSERT INTO soundseeker.producto_caracteristica (caracteristica_id, producto_id) VALUES (30, 40);
INSERT INTO soundseeker.producto_caracteristica (caracteristica_id, producto_id) VALUES (1, 41);
INSERT INTO soundseeker.producto_caracteristica (caracteristica_id, producto_id) VALUES (8, 41);
INSERT INTO soundseeker.producto_caracteristica (caracteristica_id, producto_id) VALUES (25, 41);
INSERT INTO soundseeker.producto_caracteristica (caracteristica_id, producto_id) VALUES (28, 41);
INSERT INTO soundseeker.producto_caracteristica (caracteristica_id, producto_id) VALUES (30, 41);
INSERT INTO soundseeker.producto_caracteristica (caracteristica_id, producto_id) VALUES (1, 42);
INSERT INTO soundseeker.producto_caracteristica (caracteristica_id, producto_id) VALUES (8, 42);
INSERT INTO soundseeker.producto_caracteristica (caracteristica_id, producto_id) VALUES (15, 42);
INSERT INTO soundseeker.producto_caracteristica (caracteristica_id, producto_id) VALUES (25, 42);
INSERT INTO soundseeker.producto_caracteristica (caracteristica_id, producto_id) VALUES (30, 42);
INSERT INTO soundseeker.producto_caracteristica (caracteristica_id, producto_id) VALUES (3, 43);
INSERT INTO soundseeker.producto_caracteristica (caracteristica_id, producto_id) VALUES (10, 43);
INSERT INTO soundseeker.producto_caracteristica (caracteristica_id, producto_id) VALUES (14, 43);
INSERT INTO soundseeker.producto_caracteristica (caracteristica_id, producto_id) VALUES (25, 43);
INSERT INTO soundseeker.producto_caracteristica (caracteristica_id, producto_id) VALUES (27, 43);
INSERT INTO soundseeker.producto_caracteristica (caracteristica_id, producto_id) VALUES (30, 43);
INSERT INTO soundseeker.producto_caracteristica (caracteristica_id, producto_id) VALUES (3, 44);
INSERT INTO soundseeker.producto_caracteristica (caracteristica_id, producto_id) VALUES (10, 44);
INSERT INTO soundseeker.producto_caracteristica (caracteristica_id, producto_id) VALUES (18, 44);
INSERT INTO soundseeker.producto_caracteristica (caracteristica_id, producto_id) VALUES (25, 44);
INSERT INTO soundseeker.producto_caracteristica (caracteristica_id, producto_id) VALUES (27, 44);
INSERT INTO soundseeker.producto_caracteristica (caracteristica_id, producto_id) VALUES (29, 44);
INSERT INTO soundseeker.producto_caracteristica (caracteristica_id, producto_id) VALUES (8, 45);
INSERT INTO soundseeker.producto_caracteristica (caracteristica_id, producto_id) VALUES (14, 45);
INSERT INTO soundseeker.producto_caracteristica (caracteristica_id, producto_id) VALUES (22, 45);
INSERT INTO soundseeker.producto_caracteristica (caracteristica_id, producto_id) VALUES (27, 45);
INSERT INTO soundseeker.producto_caracteristica (caracteristica_id, producto_id) VALUES (29, 45);
INSERT INTO soundseeker.producto_caracteristica (caracteristica_id, producto_id) VALUES (8, 46);
INSERT INTO soundseeker.producto_caracteristica (caracteristica_id, producto_id) VALUES (22, 46);
INSERT INTO soundseeker.producto_caracteristica (caracteristica_id, producto_id) VALUES (28, 46);
INSERT INTO soundseeker.producto_caracteristica (caracteristica_id, producto_id) VALUES (29, 46);
INSERT INTO soundseeker.producto_caracteristica (caracteristica_id, producto_id) VALUES (8, 47);
INSERT INTO soundseeker.producto_caracteristica (caracteristica_id, producto_id) VALUES (16, 47);
INSERT INTO soundseeker.producto_caracteristica (caracteristica_id, producto_id) VALUES (22, 47);
INSERT INTO soundseeker.producto_caracteristica (caracteristica_id, producto_id) VALUES (28, 47);
INSERT INTO soundseeker.producto_caracteristica (caracteristica_id, producto_id) VALUES (29, 47);
INSERT INTO soundseeker.producto_caracteristica (caracteristica_id, producto_id) VALUES (8, 48);
INSERT INTO soundseeker.producto_caracteristica (caracteristica_id, producto_id) VALUES (16, 48);
INSERT INTO soundseeker.producto_caracteristica (caracteristica_id, producto_id) VALUES (22, 48);
INSERT INTO soundseeker.producto_caracteristica (caracteristica_id, producto_id) VALUES (26, 48);
INSERT INTO soundseeker.producto_caracteristica (caracteristica_id, producto_id) VALUES (30, 48);
INSERT INTO soundseeker.producto_caracteristica (caracteristica_id, producto_id) VALUES (8, 49);
INSERT INTO soundseeker.producto_caracteristica (caracteristica_id, producto_id) VALUES (17, 49);
INSERT INTO soundseeker.producto_caracteristica (caracteristica_id, producto_id) VALUES (22, 49);
INSERT INTO soundseeker.producto_caracteristica (caracteristica_id, producto_id) VALUES (26, 49);
INSERT INTO soundseeker.producto_caracteristica (caracteristica_id, producto_id) VALUES (29, 49);
INSERT INTO soundseeker.producto_caracteristica (caracteristica_id, producto_id) VALUES (8, 50);
INSERT INTO soundseeker.producto_caracteristica (caracteristica_id, producto_id) VALUES (22, 50);
INSERT INTO soundseeker.producto_caracteristica (caracteristica_id, producto_id) VALUES (26, 50);
INSERT INTO soundseeker.producto_caracteristica (caracteristica_id, producto_id) VALUES (30, 50);
INSERT INTO soundseeker.producto_caracteristica (caracteristica_id, producto_id) VALUES (13, 51);
INSERT INTO soundseeker.producto_caracteristica (caracteristica_id, producto_id) VALUES (15, 51);
INSERT INTO soundseeker.producto_caracteristica (caracteristica_id, producto_id) VALUES (25, 51);
INSERT INTO soundseeker.producto_caracteristica (caracteristica_id, producto_id) VALUES (28, 51);
INSERT INTO soundseeker.producto_caracteristica (caracteristica_id, producto_id) VALUES (29, 51);
INSERT INTO soundseeker.producto_caracteristica (caracteristica_id, producto_id) VALUES (13, 52);
INSERT INTO soundseeker.producto_caracteristica (caracteristica_id, producto_id) VALUES (16, 52);
INSERT INTO soundseeker.producto_caracteristica (caracteristica_id, producto_id) VALUES (28, 52);
INSERT INTO soundseeker.producto_caracteristica (caracteristica_id, producto_id) VALUES (29, 52);
INSERT INTO soundseeker.producto_caracteristica (caracteristica_id, producto_id) VALUES (13, 53);
INSERT INTO soundseeker.producto_caracteristica (caracteristica_id, producto_id) VALUES (18, 53);
INSERT INTO soundseeker.producto_caracteristica (caracteristica_id, producto_id) VALUES (25, 53);
INSERT INTO soundseeker.producto_caracteristica (caracteristica_id, producto_id) VALUES (27, 53);
INSERT INTO soundseeker.producto_caracteristica (caracteristica_id, producto_id) VALUES (29, 53);
INSERT INTO soundseeker.producto_caracteristica (caracteristica_id, producto_id) VALUES (13, 54);
INSERT INTO soundseeker.producto_caracteristica (caracteristica_id, producto_id) VALUES (16, 54);
INSERT INTO soundseeker.producto_caracteristica (caracteristica_id, producto_id) VALUES (27, 54);
INSERT INTO soundseeker.producto_caracteristica (caracteristica_id, producto_id) VALUES (29, 54);
INSERT INTO soundseeker.producto_caracteristica (caracteristica_id, producto_id) VALUES (13, 55);
INSERT INTO soundseeker.producto_caracteristica (caracteristica_id, producto_id) VALUES (16, 55);
INSERT INTO soundseeker.producto_caracteristica (caracteristica_id, producto_id) VALUES (25, 55);
INSERT INTO soundseeker.producto_caracteristica (caracteristica_id, producto_id) VALUES (27, 55);
INSERT INTO soundseeker.producto_caracteristica (caracteristica_id, producto_id) VALUES (30, 55);
INSERT INTO soundseeker.producto_caracteristica (caracteristica_id, producto_id) VALUES (8, 56);
INSERT INTO soundseeker.producto_caracteristica (caracteristica_id, producto_id) VALUES (19, 56);
INSERT INTO soundseeker.producto_caracteristica (caracteristica_id, producto_id) VALUES (28, 56);
INSERT INTO soundseeker.producto_caracteristica (caracteristica_id, producto_id) VALUES (29, 56);
INSERT INTO soundseeker.producto_caracteristica (caracteristica_id, producto_id) VALUES (38, 56);
INSERT INTO soundseeker.producto_caracteristica (caracteristica_id, producto_id) VALUES (8, 57);
INSERT INTO soundseeker.producto_caracteristica (caracteristica_id, producto_id) VALUES (14, 57);
INSERT INTO soundseeker.producto_caracteristica (caracteristica_id, producto_id) VALUES (22, 57);
INSERT INTO soundseeker.producto_caracteristica (caracteristica_id, producto_id) VALUES (28, 57);
INSERT INTO soundseeker.producto_caracteristica (caracteristica_id, producto_id) VALUES (30, 57);
INSERT INTO soundseeker.producto_caracteristica (caracteristica_id, producto_id) VALUES (40, 57);
INSERT INTO soundseeker.producto_caracteristica (caracteristica_id, producto_id) VALUES (8, 58);
INSERT INTO soundseeker.producto_caracteristica (caracteristica_id, producto_id) VALUES (25, 58);
INSERT INTO soundseeker.producto_caracteristica (caracteristica_id, producto_id) VALUES (26, 58);
INSERT INTO soundseeker.producto_caracteristica (caracteristica_id, producto_id) VALUES (30, 58);
INSERT INTO soundseeker.producto_caracteristica (caracteristica_id, producto_id) VALUES (40, 58);
INSERT INTO soundseeker.producto_caracteristica (caracteristica_id, producto_id) VALUES (8, 59);
INSERT INTO soundseeker.producto_caracteristica (caracteristica_id, producto_id) VALUES (15, 59);
INSERT INTO soundseeker.producto_caracteristica (caracteristica_id, producto_id) VALUES (25, 59);
INSERT INTO soundseeker.producto_caracteristica (caracteristica_id, producto_id) VALUES (26, 59);
INSERT INTO soundseeker.producto_caracteristica (caracteristica_id, producto_id) VALUES (30, 59);
INSERT INTO soundseeker.producto_caracteristica (caracteristica_id, producto_id) VALUES (8, 60);
INSERT INTO soundseeker.producto_caracteristica (caracteristica_id, producto_id) VALUES (15, 60);
INSERT INTO soundseeker.producto_caracteristica (caracteristica_id, producto_id) VALUES (27, 60);
INSERT INTO soundseeker.producto_caracteristica (caracteristica_id, producto_id) VALUES (30, 60);
INSERT INTO soundseeker.producto_caracteristica (caracteristica_id, producto_id) VALUES (39, 60);
INSERT INTO soundseeker.producto_caracteristica (caracteristica_id, producto_id) VALUES (8, 61);
INSERT INTO soundseeker.producto_caracteristica (caracteristica_id, producto_id) VALUES (16, 61);
INSERT INTO soundseeker.producto_caracteristica (caracteristica_id, producto_id) VALUES (25, 61);
INSERT INTO soundseeker.producto_caracteristica (caracteristica_id, producto_id) VALUES (26, 61);
INSERT INTO soundseeker.producto_caracteristica (caracteristica_id, producto_id) VALUES (29, 61);
INSERT INTO soundseeker.producto_caracteristica (caracteristica_id, producto_id) VALUES (33, 61);
INSERT INTO soundseeker.producto_caracteristica (caracteristica_id, producto_id) VALUES (8, 62);
INSERT INTO soundseeker.producto_caracteristica (caracteristica_id, producto_id) VALUES (18, 62);
INSERT INTO soundseeker.producto_caracteristica (caracteristica_id, producto_id) VALUES (25, 62);
INSERT INTO soundseeker.producto_caracteristica (caracteristica_id, producto_id) VALUES (26, 62);
INSERT INTO soundseeker.producto_caracteristica (caracteristica_id, producto_id) VALUES (29, 62);
INSERT INTO soundseeker.producto_caracteristica (caracteristica_id, producto_id) VALUES (33, 62);
INSERT INTO soundseeker.producto_caracteristica (caracteristica_id, producto_id) VALUES (8, 63);
INSERT INTO soundseeker.producto_caracteristica (caracteristica_id, producto_id) VALUES (17, 63);
INSERT INTO soundseeker.producto_caracteristica (caracteristica_id, producto_id) VALUES (25, 63);
INSERT INTO soundseeker.producto_caracteristica (caracteristica_id, producto_id) VALUES (28, 63);
INSERT INTO soundseeker.producto_caracteristica (caracteristica_id, producto_id) VALUES (29, 63);
INSERT INTO soundseeker.producto_caracteristica (caracteristica_id, producto_id) VALUES (40, 63);
INSERT INTO soundseeker.producto_caracteristica (caracteristica_id, producto_id) VALUES (8, 64);
INSERT INTO soundseeker.producto_caracteristica (caracteristica_id, producto_id) VALUES (25, 64);
INSERT INTO soundseeker.producto_caracteristica (caracteristica_id, producto_id) VALUES (26, 64);
INSERT INTO soundseeker.producto_caracteristica (caracteristica_id, producto_id) VALUES (30, 64);
INSERT INTO soundseeker.producto_caracteristica (caracteristica_id, producto_id) VALUES (33, 64);
INSERT INTO soundseeker.producto_caracteristica (caracteristica_id, producto_id) VALUES (15, 65);
INSERT INTO soundseeker.producto_caracteristica (caracteristica_id, producto_id) VALUES (25, 65);
INSERT INTO soundseeker.producto_caracteristica (caracteristica_id, producto_id) VALUES (26, 65);
INSERT INTO soundseeker.producto_caracteristica (caracteristica_id, producto_id) VALUES (30, 65);
INSERT INTO soundseeker.producto_caracteristica (caracteristica_id, producto_id) VALUES (35, 65);
INSERT INTO soundseeker.producto_caracteristica (caracteristica_id, producto_id) VALUES (15, 66);
INSERT INTO soundseeker.producto_caracteristica (caracteristica_id, producto_id) VALUES (25, 66);
INSERT INTO soundseeker.producto_caracteristica (caracteristica_id, producto_id) VALUES (26, 66);
INSERT INTO soundseeker.producto_caracteristica (caracteristica_id, producto_id) VALUES (30, 66);
INSERT INTO soundseeker.producto_caracteristica (caracteristica_id, producto_id) VALUES (35, 66);
INSERT INTO soundseeker.producto_caracteristica (caracteristica_id, producto_id) VALUES (19, 67);
INSERT INTO soundseeker.producto_caracteristica (caracteristica_id, producto_id) VALUES (22, 67);
INSERT INTO soundseeker.producto_caracteristica (caracteristica_id, producto_id) VALUES (26, 67);
INSERT INTO soundseeker.producto_caracteristica (caracteristica_id, producto_id) VALUES (30, 67);
INSERT INTO soundseeker.producto_caracteristica (caracteristica_id, producto_id) VALUES (19, 68);
INSERT INTO soundseeker.producto_caracteristica (caracteristica_id, producto_id) VALUES (22, 68);
INSERT INTO soundseeker.producto_caracteristica (caracteristica_id, producto_id) VALUES (26, 68);
INSERT INTO soundseeker.producto_caracteristica (caracteristica_id, producto_id) VALUES (30, 68);
INSERT INTO soundseeker.producto_caracteristica (caracteristica_id, producto_id) VALUES (8, 69);
INSERT INTO soundseeker.producto_caracteristica (caracteristica_id, producto_id) VALUES (16, 69);
INSERT INTO soundseeker.producto_caracteristica (caracteristica_id, producto_id) VALUES (20, 69);
INSERT INTO soundseeker.producto_caracteristica (caracteristica_id, producto_id) VALUES (27, 69);
INSERT INTO soundseeker.producto_caracteristica (caracteristica_id, producto_id) VALUES (29, 69);
INSERT INTO soundseeker.producto_caracteristica (caracteristica_id, producto_id) VALUES (8, 70);
INSERT INTO soundseeker.producto_caracteristica (caracteristica_id, producto_id) VALUES (20, 70);
INSERT INTO soundseeker.producto_caracteristica (caracteristica_id, producto_id) VALUES (26, 70);
INSERT INTO soundseeker.producto_caracteristica (caracteristica_id, producto_id) VALUES (29, 70);
INSERT INTO soundseeker.producto_caracteristica (caracteristica_id, producto_id) VALUES (17, 71);
INSERT INTO soundseeker.producto_caracteristica (caracteristica_id, producto_id) VALUES (21, 71);
INSERT INTO soundseeker.producto_caracteristica (caracteristica_id, producto_id) VALUES (27, 71);
INSERT INTO soundseeker.producto_caracteristica (caracteristica_id, producto_id) VALUES (30, 71);
INSERT INTO soundseeker.producto_caracteristica (caracteristica_id, producto_id) VALUES (9, 72);
INSERT INTO soundseeker.producto_caracteristica (caracteristica_id, producto_id) VALUES (16, 72);
INSERT INTO soundseeker.producto_caracteristica (caracteristica_id, producto_id) VALUES (27, 72);
INSERT INTO soundseeker.producto_caracteristica (caracteristica_id, producto_id) VALUES (29, 72);
INSERT INTO soundseeker.producto_caracteristica (caracteristica_id, producto_id) VALUES (9, 73);
INSERT INTO soundseeker.producto_caracteristica (caracteristica_id, producto_id) VALUES (16, 73);
INSERT INTO soundseeker.producto_caracteristica (caracteristica_id, producto_id) VALUES (26, 73);
INSERT INTO soundseeker.producto_caracteristica (caracteristica_id, producto_id) VALUES (29, 73);
INSERT INTO soundseeker.producto_caracteristica (caracteristica_id, producto_id) VALUES (7, 74);
INSERT INTO soundseeker.producto_caracteristica (caracteristica_id, producto_id) VALUES (17, 74);
INSERT INTO soundseeker.producto_caracteristica (caracteristica_id, producto_id) VALUES (24, 74);
INSERT INTO soundseeker.producto_caracteristica (caracteristica_id, producto_id) VALUES (28, 74);
INSERT INTO soundseeker.producto_caracteristica (caracteristica_id, producto_id) VALUES (29, 74);
INSERT INTO soundseeker.producto_caracteristica (caracteristica_id, producto_id) VALUES (7, 75);
INSERT INTO soundseeker.producto_caracteristica (caracteristica_id, producto_id) VALUES (17, 75);
INSERT INTO soundseeker.producto_caracteristica (caracteristica_id, producto_id) VALUES (24, 75);
INSERT INTO soundseeker.producto_caracteristica (caracteristica_id, producto_id) VALUES (26, 75);
INSERT INTO soundseeker.producto_caracteristica (caracteristica_id, producto_id) VALUES (30, 75);
INSERT INTO soundseeker.producto_caracteristica (caracteristica_id, producto_id) VALUES (7, 76);
INSERT INTO soundseeker.producto_caracteristica (caracteristica_id, producto_id) VALUES (17, 76);
INSERT INTO soundseeker.producto_caracteristica (caracteristica_id, producto_id) VALUES (24, 76);
INSERT INTO soundseeker.producto_caracteristica (caracteristica_id, producto_id) VALUES (26, 76);
INSERT INTO soundseeker.producto_caracteristica (caracteristica_id, producto_id) VALUES (30, 76);
INSERT INTO soundseeker.producto_caracteristica (caracteristica_id, producto_id) VALUES (8, 77);
INSERT INTO soundseeker.producto_caracteristica (caracteristica_id, producto_id) VALUES (17, 77);
INSERT INTO soundseeker.producto_caracteristica (caracteristica_id, producto_id) VALUES (20, 77);
INSERT INTO soundseeker.producto_caracteristica (caracteristica_id, producto_id) VALUES (27, 77);
INSERT INTO soundseeker.producto_caracteristica (caracteristica_id, producto_id) VALUES (30, 77);
INSERT INTO soundseeker.producto_caracteristica (caracteristica_id, producto_id) VALUES (8, 78);
INSERT INTO soundseeker.producto_caracteristica (caracteristica_id, producto_id) VALUES (17, 78);
INSERT INTO soundseeker.producto_caracteristica (caracteristica_id, producto_id) VALUES (20, 78);
INSERT INTO soundseeker.producto_caracteristica (caracteristica_id, producto_id) VALUES (26, 78);
INSERT INTO soundseeker.producto_caracteristica (caracteristica_id, producto_id) VALUES (29, 78);
INSERT INTO soundseeker.producto_caracteristica (caracteristica_id, producto_id) VALUES (8, 79);
INSERT INTO soundseeker.producto_caracteristica (caracteristica_id, producto_id) VALUES (17, 79);
INSERT INTO soundseeker.producto_caracteristica (caracteristica_id, producto_id) VALUES (20, 79);
INSERT INTO soundseeker.producto_caracteristica (caracteristica_id, producto_id) VALUES (26, 79);
INSERT INTO soundseeker.producto_caracteristica (caracteristica_id, producto_id) VALUES (29, 79);
INSERT INTO soundseeker.producto_caracteristica (caracteristica_id, producto_id) VALUES (9, 80);
INSERT INTO soundseeker.producto_caracteristica (caracteristica_id, producto_id) VALUES (17, 80);
INSERT INTO soundseeker.producto_caracteristica (caracteristica_id, producto_id) VALUES (20, 80);
INSERT INTO soundseeker.producto_caracteristica (caracteristica_id, producto_id) VALUES (26, 80);
INSERT INTO soundseeker.producto_caracteristica (caracteristica_id, producto_id) VALUES (29, 80);
INSERT INTO soundseeker.producto_caracteristica (caracteristica_id, producto_id) VALUES (9, 81);
INSERT INTO soundseeker.producto_caracteristica (caracteristica_id, producto_id) VALUES (17, 81);
INSERT INTO soundseeker.producto_caracteristica (caracteristica_id, producto_id) VALUES (20, 81);
INSERT INTO soundseeker.producto_caracteristica (caracteristica_id, producto_id) VALUES (26, 81);
INSERT INTO soundseeker.producto_caracteristica (caracteristica_id, producto_id) VALUES (30, 81);
INSERT INTO soundseeker.producto_caracteristica (caracteristica_id, producto_id) VALUES (9, 82);
INSERT INTO soundseeker.producto_caracteristica (caracteristica_id, producto_id) VALUES (17, 82);
INSERT INTO soundseeker.producto_caracteristica (caracteristica_id, producto_id) VALUES (24, 82);
INSERT INTO soundseeker.producto_caracteristica (caracteristica_id, producto_id) VALUES (26, 82);
INSERT INTO soundseeker.producto_caracteristica (caracteristica_id, producto_id) VALUES (30, 82);
INSERT INTO soundseeker.producto_caracteristica (caracteristica_id, producto_id) VALUES (9, 83);
INSERT INTO soundseeker.producto_caracteristica (caracteristica_id, producto_id) VALUES (19, 83);
INSERT INTO soundseeker.producto_caracteristica (caracteristica_id, producto_id) VALUES (24, 83);
INSERT INTO soundseeker.producto_caracteristica (caracteristica_id, producto_id) VALUES (27, 83);
INSERT INTO soundseeker.producto_caracteristica (caracteristica_id, producto_id) VALUES (29, 83);
INSERT INTO soundseeker.producto_caracteristica (caracteristica_id, producto_id) VALUES (9, 84);
INSERT INTO soundseeker.producto_caracteristica (caracteristica_id, producto_id) VALUES (19, 84);
INSERT INTO soundseeker.producto_caracteristica (caracteristica_id, producto_id) VALUES (23, 84);
INSERT INTO soundseeker.producto_caracteristica (caracteristica_id, producto_id) VALUES (28, 84);
INSERT INTO soundseeker.producto_caracteristica (caracteristica_id, producto_id) VALUES (29, 84);
INSERT INTO soundseeker.producto_caracteristica (caracteristica_id, producto_id) VALUES (9, 85);
INSERT INTO soundseeker.producto_caracteristica (caracteristica_id, producto_id) VALUES (19, 85);
INSERT INTO soundseeker.producto_caracteristica (caracteristica_id, producto_id) VALUES (20, 85);
INSERT INTO soundseeker.producto_caracteristica (caracteristica_id, producto_id) VALUES (26, 85);
INSERT INTO soundseeker.producto_caracteristica (caracteristica_id, producto_id) VALUES (29, 85);
INSERT INTO soundseeker.producto_caracteristica (caracteristica_id, producto_id) VALUES (9, 86);
INSERT INTO soundseeker.producto_caracteristica (caracteristica_id, producto_id) VALUES (17, 86);
INSERT INTO soundseeker.producto_caracteristica (caracteristica_id, producto_id) VALUES (20, 86);
INSERT INTO soundseeker.producto_caracteristica (caracteristica_id, producto_id) VALUES (27, 86);
INSERT INTO soundseeker.producto_caracteristica (caracteristica_id, producto_id) VALUES (30, 86);
INSERT INTO soundseeker.producto_caracteristica (caracteristica_id, producto_id) VALUES (16, 87);
INSERT INTO soundseeker.producto_caracteristica (caracteristica_id, producto_id) VALUES (26, 87);
INSERT INTO soundseeker.producto_caracteristica (caracteristica_id, producto_id) VALUES (30, 87);
INSERT INTO soundseeker.producto_caracteristica (caracteristica_id, producto_id) VALUES (1, 88);
INSERT INTO soundseeker.producto_caracteristica (caracteristica_id, producto_id) VALUES (8, 88);
INSERT INTO soundseeker.producto_caracteristica (caracteristica_id, producto_id) VALUES (15, 88);
INSERT INTO soundseeker.producto_caracteristica (caracteristica_id, producto_id) VALUES (25, 88);
INSERT INTO soundseeker.producto_caracteristica (caracteristica_id, producto_id) VALUES (26, 88);
INSERT INTO soundseeker.producto_caracteristica (caracteristica_id, producto_id) VALUES (29, 88);
INSERT INTO soundseeker.producto_caracteristica (caracteristica_id, producto_id) VALUES (1, 89);
INSERT INTO soundseeker.producto_caracteristica (caracteristica_id, producto_id) VALUES (8, 89);
INSERT INTO soundseeker.producto_caracteristica (caracteristica_id, producto_id) VALUES (15, 89);
INSERT INTO soundseeker.producto_caracteristica (caracteristica_id, producto_id) VALUES (25, 89);
INSERT INTO soundseeker.producto_caracteristica (caracteristica_id, producto_id) VALUES (28, 89);
INSERT INTO soundseeker.producto_caracteristica (caracteristica_id, producto_id) VALUES (29, 89);
INSERT INTO soundseeker.producto_caracteristica (caracteristica_id, producto_id) VALUES (1, 90);
INSERT INTO soundseeker.producto_caracteristica (caracteristica_id, producto_id) VALUES (8, 90);
INSERT INTO soundseeker.producto_caracteristica (caracteristica_id, producto_id) VALUES (15, 90);
INSERT INTO soundseeker.producto_caracteristica (caracteristica_id, producto_id) VALUES (25, 90);
INSERT INTO soundseeker.producto_caracteristica (caracteristica_id, producto_id) VALUES (27, 90);
INSERT INTO soundseeker.producto_caracteristica (caracteristica_id, producto_id) VALUES (29, 90);
INSERT INTO soundseeker.producto_caracteristica (caracteristica_id, producto_id) VALUES (1, 91);
INSERT INTO soundseeker.producto_caracteristica (caracteristica_id, producto_id) VALUES (8, 91);
INSERT INTO soundseeker.producto_caracteristica (caracteristica_id, producto_id) VALUES (15, 91);
INSERT INTO soundseeker.producto_caracteristica (caracteristica_id, producto_id) VALUES (25, 91);
INSERT INTO soundseeker.producto_caracteristica (caracteristica_id, producto_id) VALUES (28, 91);
INSERT INTO soundseeker.producto_caracteristica (caracteristica_id, producto_id) VALUES (29, 91);
INSERT INTO soundseeker.producto_caracteristica (caracteristica_id, producto_id) VALUES (1, 92);
INSERT INTO soundseeker.producto_caracteristica (caracteristica_id, producto_id) VALUES (8, 92);
INSERT INTO soundseeker.producto_caracteristica (caracteristica_id, producto_id) VALUES (15, 92);
INSERT INTO soundseeker.producto_caracteristica (caracteristica_id, producto_id) VALUES (25, 92);
INSERT INTO soundseeker.producto_caracteristica (caracteristica_id, producto_id) VALUES (28, 92);
INSERT INTO soundseeker.producto_caracteristica (caracteristica_id, producto_id) VALUES (29, 92);
INSERT INTO soundseeker.producto_caracteristica (caracteristica_id, producto_id) VALUES (1, 93);
INSERT INTO soundseeker.producto_caracteristica (caracteristica_id, producto_id) VALUES (8, 93);
INSERT INTO soundseeker.producto_caracteristica (caracteristica_id, producto_id) VALUES (15, 93);
INSERT INTO soundseeker.producto_caracteristica (caracteristica_id, producto_id) VALUES (25, 93);
INSERT INTO soundseeker.producto_caracteristica (caracteristica_id, producto_id) VALUES (28, 93);
INSERT INTO soundseeker.producto_caracteristica (caracteristica_id, producto_id) VALUES (29, 93);
INSERT INTO soundseeker.producto_caracteristica (caracteristica_id, producto_id) VALUES (1, 94);
INSERT INTO soundseeker.producto_caracteristica (caracteristica_id, producto_id) VALUES (8, 94);
INSERT INTO soundseeker.producto_caracteristica (caracteristica_id, producto_id) VALUES (15, 94);
INSERT INTO soundseeker.producto_caracteristica (caracteristica_id, producto_id) VALUES (25, 94);
INSERT INTO soundseeker.producto_caracteristica (caracteristica_id, producto_id) VALUES (28, 94);
INSERT INTO soundseeker.producto_caracteristica (caracteristica_id, producto_id) VALUES (29, 94);
INSERT INTO soundseeker.producto_caracteristica (caracteristica_id, producto_id) VALUES (1, 95);
INSERT INTO soundseeker.producto_caracteristica (caracteristica_id, producto_id) VALUES (8, 95);
INSERT INTO soundseeker.producto_caracteristica (caracteristica_id, producto_id) VALUES (15, 95);
INSERT INTO soundseeker.producto_caracteristica (caracteristica_id, producto_id) VALUES (25, 95);
INSERT INTO soundseeker.producto_caracteristica (caracteristica_id, producto_id) VALUES (28, 95);
INSERT INTO soundseeker.producto_caracteristica (caracteristica_id, producto_id) VALUES (29, 95);
INSERT INTO soundseeker.producto_caracteristica (caracteristica_id, producto_id) VALUES (1, 96);
INSERT INTO soundseeker.producto_caracteristica (caracteristica_id, producto_id) VALUES (8, 96);
INSERT INTO soundseeker.producto_caracteristica (caracteristica_id, producto_id) VALUES (15, 96);
INSERT INTO soundseeker.producto_caracteristica (caracteristica_id, producto_id) VALUES (25, 96);
INSERT INTO soundseeker.producto_caracteristica (caracteristica_id, producto_id) VALUES (28, 96);
INSERT INTO soundseeker.producto_caracteristica (caracteristica_id, producto_id) VALUES (29, 96);
INSERT INTO soundseeker.favorito (producto_id, usuario_nombre_usuario) VALUES (1, 'agus');
INSERT INTO soundseeker.favorito (producto_id, usuario_nombre_usuario) VALUES (7, 'agus');
INSERT INTO soundseeker.favorito (producto_id, usuario_nombre_usuario) VALUES (15, 'agus');
INSERT INTO soundseeker.favorito (producto_id, usuario_nombre_usuario) VALUES (17, 'agus');
INSERT INTO soundseeker.favorito (producto_id, usuario_nombre_usuario) VALUES (25, 'agus');
INSERT INTO soundseeker.favorito (producto_id, usuario_nombre_usuario) VALUES (29, 'agus');
INSERT INTO soundseeker.favorito (producto_id, usuario_nombre_usuario) VALUES (31, 'agus');
INSERT INTO soundseeker.favorito (producto_id, usuario_nombre_usuario) VALUES (33, 'agus');
INSERT INTO soundseeker.favorito (producto_id, usuario_nombre_usuario) VALUES (39, 'agus');
INSERT INTO soundseeker.favorito (producto_id, usuario_nombre_usuario) VALUES (54, 'agus');
INSERT INTO soundseeker.favorito (producto_id, usuario_nombre_usuario) VALUES (69, 'agus');
INSERT INTO soundseeker.favorito (producto_id, usuario_nombre_usuario) VALUES (70, 'agus');
INSERT INTO soundseeker.favorito (producto_id, usuario_nombre_usuario) VALUES (80, 'agus');
INSERT INTO soundseeker.favorito (producto_id, usuario_nombre_usuario) VALUES (90, 'agus');
INSERT INTO soundseeker.favorito (producto_id, usuario_nombre_usuario) VALUES (91, 'agus');
INSERT INTO soundseeker.favorito (producto_id, usuario_nombre_usuario) VALUES (4, 'brian');
INSERT INTO soundseeker.favorito (producto_id, usuario_nombre_usuario) VALUES (6, 'brian');
INSERT INTO soundseeker.favorito (producto_id, usuario_nombre_usuario) VALUES (8, 'brian');
INSERT INTO soundseeker.favorito (producto_id, usuario_nombre_usuario) VALUES (12, 'brian');
INSERT INTO soundseeker.favorito (producto_id, usuario_nombre_usuario) VALUES (18, 'brian');
INSERT INTO soundseeker.favorito (producto_id, usuario_nombre_usuario) VALUES (29, 'brian');
INSERT INTO soundseeker.favorito (producto_id, usuario_nombre_usuario) VALUES (36, 'brian');
INSERT INTO soundseeker.favorito (producto_id, usuario_nombre_usuario) VALUES (45, 'brian');
INSERT INTO soundseeker.favorito (producto_id, usuario_nombre_usuario) VALUES (66, 'brian');
INSERT INTO soundseeker.favorito (producto_id, usuario_nombre_usuario) VALUES (71, 'brian');
INSERT INTO soundseeker.favorito (producto_id, usuario_nombre_usuario) VALUES (75, 'brian');
INSERT INTO soundseeker.favorito (producto_id, usuario_nombre_usuario) VALUES (94, 'brian');
INSERT INTO soundseeker.favorito (producto_id, usuario_nombre_usuario) VALUES (1, 'david');
INSERT INTO soundseeker.favorito (producto_id, usuario_nombre_usuario) VALUES (3, 'david');
INSERT INTO soundseeker.favorito (producto_id, usuario_nombre_usuario) VALUES (7, 'david');
INSERT INTO soundseeker.favorito (producto_id, usuario_nombre_usuario) VALUES (9, 'david');
INSERT INTO soundseeker.favorito (producto_id, usuario_nombre_usuario) VALUES (11, 'david');
INSERT INTO soundseeker.favorito (producto_id, usuario_nombre_usuario) VALUES (15, 'david');
INSERT INTO soundseeker.favorito (producto_id, usuario_nombre_usuario) VALUES (17, 'david');
INSERT INTO soundseeker.favorito (producto_id, usuario_nombre_usuario) VALUES (19, 'david');
INSERT INTO soundseeker.favorito (producto_id, usuario_nombre_usuario) VALUES (22, 'david');
INSERT INTO soundseeker.favorito (producto_id, usuario_nombre_usuario) VALUES (33, 'david');
INSERT INTO soundseeker.favorito (producto_id, usuario_nombre_usuario) VALUES (44, 'david');
INSERT INTO soundseeker.favorito (producto_id, usuario_nombre_usuario) VALUES (55, 'david');
INSERT INTO soundseeker.favorito (producto_id, usuario_nombre_usuario) VALUES (66, 'david');
INSERT INTO soundseeker.favorito (producto_id, usuario_nombre_usuario) VALUES (77, 'david');
INSERT INTO soundseeker.favorito (producto_id, usuario_nombre_usuario) VALUES (88, 'david');
INSERT INTO soundseeker.favorito (producto_id, usuario_nombre_usuario) VALUES (2, 'diego');
INSERT INTO soundseeker.favorito (producto_id, usuario_nombre_usuario) VALUES (4, 'diego');
INSERT INTO soundseeker.favorito (producto_id, usuario_nombre_usuario) VALUES (8, 'diego');
INSERT INTO soundseeker.favorito (producto_id, usuario_nombre_usuario) VALUES (11, 'diego');
INSERT INTO soundseeker.favorito (producto_id, usuario_nombre_usuario) VALUES (18, 'diego');
INSERT INTO soundseeker.favorito (producto_id, usuario_nombre_usuario) VALUES (24, 'diego');
INSERT INTO soundseeker.favorito (producto_id, usuario_nombre_usuario) VALUES (26, 'diego');
INSERT INTO soundseeker.favorito (producto_id, usuario_nombre_usuario) VALUES (32, 'diego');
INSERT INTO soundseeker.favorito (producto_id, usuario_nombre_usuario) VALUES (34, 'diego');
INSERT INTO soundseeker.favorito (producto_id, usuario_nombre_usuario) VALUES (59, 'diego');
INSERT INTO soundseeker.favorito (producto_id, usuario_nombre_usuario) VALUES (64, 'diego');
INSERT INTO soundseeker.favorito (producto_id, usuario_nombre_usuario) VALUES (77, 'diego');
INSERT INTO soundseeker.favorito (producto_id, usuario_nombre_usuario) VALUES (87, 'diego');
INSERT INTO soundseeker.favorito (producto_id, usuario_nombre_usuario) VALUES (89, 'diego');
INSERT INTO soundseeker.favorito (producto_id, usuario_nombre_usuario) VALUES (96, 'diego');
INSERT INTO soundseeker.favorito (producto_id, usuario_nombre_usuario) VALUES (8, 'lucia');
INSERT INTO soundseeker.favorito (producto_id, usuario_nombre_usuario) VALUES (19, 'lucia');
INSERT INTO soundseeker.favorito (producto_id, usuario_nombre_usuario) VALUES (21, 'lucia');
INSERT INTO soundseeker.favorito (producto_id, usuario_nombre_usuario) VALUES (34, 'lucia');
INSERT INTO soundseeker.favorito (producto_id, usuario_nombre_usuario) VALUES (47, 'lucia');
INSERT INTO soundseeker.favorito (producto_id, usuario_nombre_usuario) VALUES (49, 'lucia');
INSERT INTO soundseeker.favorito (producto_id, usuario_nombre_usuario) VALUES (50, 'lucia');
INSERT INTO soundseeker.favorito (producto_id, usuario_nombre_usuario) VALUES (54, 'lucia');
INSERT INTO soundseeker.favorito (producto_id, usuario_nombre_usuario) VALUES (61, 'lucia');
INSERT INTO soundseeker.favorito (producto_id, usuario_nombre_usuario) VALUES (69, 'lucia');
INSERT INTO soundseeker.favorito (producto_id, usuario_nombre_usuario) VALUES (71, 'lucia');
INSERT INTO soundseeker.favorito (producto_id, usuario_nombre_usuario) VALUES (74, 'lucia');
INSERT INTO soundseeker.favorito (producto_id, usuario_nombre_usuario) VALUES (87, 'lucia');
INSERT INTO soundseeker.favorito (producto_id, usuario_nombre_usuario) VALUES (91, 'lucia');
INSERT INTO soundseeker.favorito (producto_id, usuario_nombre_usuario) VALUES (93, 'lucia');
INSERT INTO soundseeker.favorito (producto_id, usuario_nombre_usuario) VALUES (2, 'mauri');
INSERT INTO soundseeker.favorito (producto_id, usuario_nombre_usuario) VALUES (6, 'mauri');
INSERT INTO soundseeker.favorito (producto_id, usuario_nombre_usuario) VALUES (10, 'mauri');
INSERT INTO soundseeker.favorito (producto_id, usuario_nombre_usuario) VALUES (16, 'mauri');
INSERT INTO soundseeker.favorito (producto_id, usuario_nombre_usuario) VALUES (18, 'mauri');
INSERT INTO soundseeker.favorito (producto_id, usuario_nombre_usuario) VALUES (20, 'mauri');
INSERT INTO soundseeker.favorito (producto_id, usuario_nombre_usuario) VALUES (24, 'mauri');
INSERT INTO soundseeker.favorito (producto_id, usuario_nombre_usuario) VALUES (30, 'mauri');
INSERT INTO soundseeker.favorito (producto_id, usuario_nombre_usuario) VALUES (57, 'mauri');
INSERT INTO soundseeker.favorito (producto_id, usuario_nombre_usuario) VALUES (59, 'mauri');
INSERT INTO soundseeker.favorito (producto_id, usuario_nombre_usuario) VALUES (69, 'mauri');
INSERT INTO soundseeker.favorito (producto_id, usuario_nombre_usuario) VALUES (70, 'mauri');
INSERT INTO soundseeker.favorito (producto_id, usuario_nombre_usuario) VALUES (77, 'mauri');
INSERT INTO soundseeker.favorito (producto_id, usuario_nombre_usuario) VALUES (81, 'mauri');
INSERT INTO soundseeker.favorito (producto_id, usuario_nombre_usuario) VALUES (84, 'mauri');
INSERT INTO soundseeker.favorito (producto_id, usuario_nombre_usuario) VALUES (9, 'pedro');
INSERT INTO soundseeker.favorito (producto_id, usuario_nombre_usuario) VALUES (14, 'pedro');
INSERT INTO soundseeker.favorito (producto_id, usuario_nombre_usuario) VALUES (18, 'pedro');
INSERT INTO soundseeker.favorito (producto_id, usuario_nombre_usuario) VALUES (20, 'pedro');
INSERT INTO soundseeker.favorito (producto_id, usuario_nombre_usuario) VALUES (26, 'pedro');
INSERT INTO soundseeker.favorito (producto_id, usuario_nombre_usuario) VALUES (30, 'pedro');
INSERT INTO soundseeker.favorito (producto_id, usuario_nombre_usuario) VALUES (34, 'pedro');
INSERT INTO soundseeker.favorito (producto_id, usuario_nombre_usuario) VALUES (38, 'pedro');
INSERT INTO soundseeker.favorito (producto_id, usuario_nombre_usuario) VALUES (41, 'pedro');
INSERT INTO soundseeker.favorito (producto_id, usuario_nombre_usuario) VALUES (44, 'pedro');
INSERT INTO soundseeker.favorito (producto_id, usuario_nombre_usuario) VALUES (56, 'pedro');
INSERT INTO soundseeker.favorito (producto_id, usuario_nombre_usuario) VALUES (57, 'pedro');
INSERT INTO soundseeker.favorito (producto_id, usuario_nombre_usuario) VALUES (60, 'pedro');
INSERT INTO soundseeker.favorito (producto_id, usuario_nombre_usuario) VALUES (64, 'pedro');
INSERT INTO soundseeker.favorito (producto_id, usuario_nombre_usuario) VALUES (66, 'pedro');
INSERT INTO soundseeker.favorito (producto_id, usuario_nombre_usuario) VALUES (1, 'uriel');
INSERT INTO soundseeker.favorito (producto_id, usuario_nombre_usuario) VALUES (6, 'uriel');
INSERT INTO soundseeker.favorito (producto_id, usuario_nombre_usuario) VALUES (11, 'uriel');
INSERT INTO soundseeker.favorito (producto_id, usuario_nombre_usuario) VALUES (13, 'uriel');
INSERT INTO soundseeker.favorito (producto_id, usuario_nombre_usuario) VALUES (23, 'uriel');
INSERT INTO soundseeker.favorito (producto_id, usuario_nombre_usuario) VALUES (32, 'uriel');
INSERT INTO soundseeker.favorito (producto_id, usuario_nombre_usuario) VALUES (37, 'uriel');
INSERT INTO soundseeker.favorito (producto_id, usuario_nombre_usuario) VALUES (41, 'uriel');
INSERT INTO soundseeker.favorito (producto_id, usuario_nombre_usuario) VALUES (44, 'uriel');
INSERT INTO soundseeker.favorito (producto_id, usuario_nombre_usuario) VALUES (49, 'uriel');
INSERT INTO soundseeker.favorito (producto_id, usuario_nombre_usuario) VALUES (50, 'uriel');
INSERT INTO soundseeker.favorito (producto_id, usuario_nombre_usuario) VALUES (57, 'uriel');
INSERT INTO soundseeker.favorito (producto_id, usuario_nombre_usuario) VALUES (58, 'uriel');
INSERT INTO soundseeker.favorito (producto_id, usuario_nombre_usuario) VALUES (72, 'uriel');
INSERT INTO soundseeker.favorito (producto_id, usuario_nombre_usuario) VALUES (74, 'uriel');
INSERT INTO soundseeker.reserva (calificacion, fecha_entrega, fecha_retiro, fecha_orden, id, usuario_nombre_usuario, notas) VALUES (4, DATE_SUB(CURDATE(), INTERVAL 86 DAY), DATE_SUB(CURDATE(), INTERVAL 100 DAY), CONCAT(DATE_SUB(DATE(CURDATE()), INTERVAL 102 DAY), ' 12:20:35'), 1, 'uriel', 'Solicitar la entrega del clarinete con boquillas adicionales.');
INSERT INTO soundseeker.reserva (calificacion, fecha_entrega, fecha_retiro, fecha_orden, id, usuario_nombre_usuario, notas) VALUES (5, DATE_SUB(CURDATE(), INTERVAL 82 DAY), DATE_SUB(CURDATE(), INTERVAL 96 DAY), CONCAT(DATE_SUB(DATE(CURDATE()), INTERVAL 98 DAY), ' 15:40:22'), 2, 'diego', 'Necesito la guitarra acústica con un set de cuerdas de repuesto.');
INSERT INTO soundseeker.reserva (calificacion, fecha_entrega, fecha_retiro, fecha_orden, id, usuario_nombre_usuario, notas) VALUES (null, DATE_SUB(CURDATE(), INTERVAL 77 DAY), DATE_SUB(CURDATE(), INTERVAL 91 DAY), CONCAT(DATE_SUB(DATE(CURDATE()), INTERVAL 93 DAY), ' 10:30:48'), 3, 'mauri', 'Por favor, incluir funda y púas para el bajo eléctrico.');
INSERT INTO soundseeker.reserva (calificacion, fecha_entrega, fecha_retiro, fecha_orden, id, usuario_nombre_usuario, notas) VALUES (5, DATE_SUB(CURDATE(), INTERVAL 72 DAY), DATE_SUB(CURDATE(), INTERVAL 87 DAY), CONCAT(DATE_SUB(DATE(CURDATE()), INTERVAL 89 DAY), ' 17:55:09'), 4, 'lucia', 'El teclado debe tener opción de sonidos de órgano.');
INSERT INTO soundseeker.reserva (calificacion, fecha_entrega, fecha_retiro, fecha_orden, id, usuario_nombre_usuario, notas) VALUES (null, DATE_SUB(CURDATE(), INTERVAL 67 DAY), DATE_SUB(CURDATE(), INTERVAL 81 DAY), CONCAT(DATE_SUB(DATE(CURDATE()), INTERVAL 83 DAY), ' 09:45:30'), 5, 'agus', 'Requiere un set completo de percusión para banda escolar.');
INSERT INTO soundseeker.reserva (calificacion, fecha_entrega, fecha_retiro, fecha_orden, id, usuario_nombre_usuario, notas) VALUES (4, DATE_SUB(CURDATE(), INTERVAL 55 DAY), DATE_SUB(CURDATE(), INTERVAL 77 DAY), CONCAT(DATE_SUB(DATE(CURDATE()), INTERVAL 80 DAY), ' 17:42:08'), 6, 'david', 'Incluir en el paquete un metrónomo digital para el alquiler del piano.');
INSERT INTO soundseeker.reserva (calificacion, fecha_entrega, fecha_retiro, fecha_orden, id, usuario_nombre_usuario, notas) VALUES (null, DATE_SUB(CURDATE(), INTERVAL 52 DAY), DATE_SUB(CURDATE(), INTERVAL 73 DAY), CONCAT(DATE_SUB(DATE(CURDATE()), INTERVAL 76 DAY), ' 08:15:32'), 7, 'lucia', 'Solicito que la flauta sea esterilizada antes del uso.');
INSERT INTO soundseeker.reserva (calificacion, fecha_entrega, fecha_retiro, fecha_orden, id, usuario_nombre_usuario, notas) VALUES (null, DATE_SUB(CURDATE(), INTERVAL 58 DAY), DATE_SUB(CURDATE(), INTERVAL 72 DAY), CONCAT(DATE_SUB(DATE(CURDATE()), INTERVAL 75 DAY), ' 10:05:18'), 8, 'david', 'Por favor, incluir atril para partituras en el alquiler del violín.');
INSERT INTO soundseeker.reserva (calificacion, fecha_entrega, fecha_retiro, fecha_orden, id, usuario_nombre_usuario, notas) VALUES (2, DATE_SUB(CURDATE(), INTERVAL 41 DAY), DATE_SUB(CURDATE(), INTERVAL 71 DAY), CONCAT(DATE_SUB(DATE(CURDATE()), INTERVAL 73 DAY), ' 09:00:15'), 9, 'agus', 'Deseo que el piano sea de cola si es posible.');
INSERT INTO soundseeker.reserva (calificacion, fecha_entrega, fecha_retiro, fecha_orden, id, usuario_nombre_usuario, notas) VALUES (null, DATE_SUB(CURDATE(), INTERVAL 53 DAY), DATE_SUB(CURDATE(), INTERVAL 68 DAY), CONCAT(DATE_SUB(DATE(CURDATE()), INTERVAL 70 DAY), ' 15:30:25'), 10, 'mauri', 'Por favor, añadir un set de cuerdas extra para la guitarra.');
INSERT INTO soundseeker.reserva (calificacion, fecha_entrega, fecha_retiro, fecha_orden, id, usuario_nombre_usuario, notas) VALUES (null, DATE_SUB(CURDATE(), INTERVAL 41 DAY), DATE_SUB(CURDATE(), INTERVAL 64 DAY), CONCAT(DATE_SUB(DATE(CURDATE()), INTERVAL 68 DAY), ' 11:15:27'), 11, 'agus', 'El piano debe incluir el banco ajustable.');
INSERT INTO soundseeker.reserva (calificacion, fecha_entrega, fecha_retiro, fecha_orden, id, usuario_nombre_usuario, notas) VALUES (null, DATE_SUB(CURDATE(), INTERVAL 39 DAY), DATE_SUB(CURDATE(), INTERVAL 61 DAY), CONCAT(DATE_SUB(DATE(CURDATE()), INTERVAL 63 DAY), ' 12:30:20'), 12, 'brian', 'Agregar correa extra para la guitarra eléctrica por favor.');
INSERT INTO soundseeker.reserva (calificacion, fecha_entrega, fecha_retiro, fecha_orden, id, usuario_nombre_usuario, notas) VALUES (5, DATE_SUB(CURDATE(), INTERVAL 53 DAY), DATE_SUB(CURDATE(), INTERVAL 60 DAY), CONCAT(DATE_SUB(DATE(CURDATE()), INTERVAL 63 DAY), ' 14:22:16'), 13, 'lucia', 'Confirmar disponibilidad de violín Stradivarius.');
INSERT INTO soundseeker.reserva (calificacion, fecha_entrega, fecha_retiro, fecha_orden, id, usuario_nombre_usuario, notas) VALUES (null, DATE_SUB(CURDATE(), INTERVAL 17 DAY), DATE_SUB(CURDATE(), INTERVAL 58 DAY), CONCAT(DATE_SUB(DATE(CURDATE()), INTERVAL 61 DAY), ' 16:45:30'), 14, 'uriel', 'Revisar el estado de las válvulas de la trompeta antes del retiro.');
INSERT INTO soundseeker.reserva (calificacion, fecha_entrega, fecha_retiro, fecha_orden, id, usuario_nombre_usuario, notas) VALUES (null, DATE_SUB(CURDATE(), INTERVAL 28 DAY), DATE_SUB(CURDATE(), INTERVAL 56 DAY), CONCAT(DATE_SUB(DATE(CURDATE()), INTERVAL 58 DAY), ' 09:35:42'), 15, 'diego', 'Necesito la guitarra con cuerdas de nylon.');
INSERT INTO soundseeker.reserva (calificacion, fecha_entrega, fecha_retiro, fecha_orden, id, usuario_nombre_usuario, notas) VALUES (null, DATE_SUB(CURDATE(), INTERVAL 30 DAY), DATE_SUB(CURDATE(), INTERVAL 55 DAY), CONCAT(DATE_SUB(DATE(CURDATE()), INTERVAL 58 DAY), ' 11:45:00'), 16, 'diego', 'Asegurarse de que el micrófono incluya cable XLR.');
INSERT INTO soundseeker.reserva (calificacion, fecha_entrega, fecha_retiro, fecha_orden, id, usuario_nombre_usuario, notas) VALUES (1, DATE_SUB(CURDATE(), INTERVAL 37 DAY), DATE_SUB(CURDATE(), INTERVAL 55 DAY), CONCAT(DATE_SUB(DATE(CURDATE()), INTERVAL 57 DAY), ' 10:05:47'), 17, 'diego', 'Confirmar que el teclado incluya adaptador y soporte.');
INSERT INTO soundseeker.reserva (calificacion, fecha_entrega, fecha_retiro, fecha_orden, id, usuario_nombre_usuario, notas) VALUES (2, DATE_SUB(CURDATE(), INTERVAL 30 DAY), DATE_SUB(CURDATE(), INTERVAL 50 DAY), CONCAT(DATE_SUB(DATE(CURDATE()), INTERVAL 53 DAY), ' 13:15:27'), 18, 'agus', 'Verificar la calibración del pedal de sustain del piano eléctrico.');
INSERT INTO soundseeker.reserva (calificacion, fecha_entrega, fecha_retiro, fecha_orden, id, usuario_nombre_usuario, notas) VALUES (4, DATE_SUB(CURDATE(), INTERVAL 2 DAY), DATE_SUB(CURDATE(), INTERVAL 48 DAY), CONCAT(DATE_SUB(DATE(CURDATE()), INTERVAL 51 DAY), ' 16:55:33'), 19, 'pedro', 'Solicito paquete de baquetas de repuesto para la batería.');
INSERT INTO soundseeker.reserva (calificacion, fecha_entrega, fecha_retiro, fecha_orden, id, usuario_nombre_usuario, notas) VALUES (null, DATE_SUB(CURDATE(), INTERVAL 33 DAY), DATE_SUB(CURDATE(), INTERVAL 48 DAY), CONCAT(DATE_SUB(DATE(CURDATE()), INTERVAL 51 DAY), ' 18:30:45'), 20, 'brian', 'Requiero entrega en domicilio por ser batería completa.');
INSERT INTO soundseeker.reserva (calificacion, fecha_entrega, fecha_retiro, fecha_orden, id, usuario_nombre_usuario, notas) VALUES (3, DATE_SUB(CURDATE(), INTERVAL 24 DAY), DATE_SUB(CURDATE(), INTERVAL 45 DAY), CONCAT(DATE_SUB(DATE(CURDATE()), INTERVAL 48 DAY), ' 19:42:08'), 21, 'lucia', 'Incluir partituras para principiantes con el violín de alquiler.');
INSERT INTO soundseeker.reserva (calificacion, fecha_entrega, fecha_retiro, fecha_orden, id, usuario_nombre_usuario, notas) VALUES (null, DATE_SUB(CURDATE(), INTERVAL 18 DAY), DATE_SUB(CURDATE(), INTERVAL 71 DAY), CONCAT(DATE_SUB(DATE(CURDATE()), INTERVAL 45 DAY), ' 16:50:03'), 22, 'mauri', 'Por favor ajustar el saxofón antes del retiro.');
INSERT INTO soundseeker.reserva (calificacion, fecha_entrega, fecha_retiro, fecha_orden, id, usuario_nombre_usuario, notas) VALUES (null, DATE_ADD(CURDATE(), INTERVAL 6 DAY), DATE_SUB(CURDATE(), INTERVAL 39 DAY), CONCAT(DATE_SUB(DATE(CURDATE()), INTERVAL 41 DAY), ' 14:50:45'), 23, 'pedro', 'La batería necesita tener doble bombo para el concierto.');
INSERT INTO soundseeker.reserva (calificacion, fecha_entrega, fecha_retiro, fecha_orden, id, usuario_nombre_usuario, notas) VALUES (4, DATE_SUB(CURDATE(), INTERVAL 23 DAY), DATE_SUB(CURDATE(), INTERVAL 38 DAY), CONCAT(DATE_SUB(DATE(CURDATE()), INTERVAL 40 DAY), ' 08:55:34'), 24, 'david', 'Revisar la afinación del set de timbales antes de la recogida.');
INSERT INTO soundseeker.reserva (calificacion, fecha_entrega, fecha_retiro, fecha_orden, id, usuario_nombre_usuario, notas) VALUES (4, DATE_SUB(CURDATE(), INTERVAL 12 DAY), DATE_SUB(CURDATE(), INTERVAL 35 DAY), CONCAT(DATE_SUB(DATE(CURDATE()), INTERVAL 37 DAY), ' 13:20:42'), 25, 'pedro', 'El acordeón debe estar afinado en tono de Fa mayor.');
INSERT INTO soundseeker.reserva (calificacion, fecha_entrega, fecha_retiro, fecha_orden, id, usuario_nombre_usuario, notas) VALUES (null, DATE_ADD(CURDATE(), INTERVAL 12 DAY), DATE_SUB(CURDATE(), INTERVAL 30 DAY), CONCAT(DATE_SUB(DATE(CURDATE()), INTERVAL 32 DAY), ' 18:25:37'), 26, 'lucia', 'Necesito que el saxofón sea entregado con estuche rígido.');
INSERT INTO soundseeker.reserva (calificacion, fecha_entrega, fecha_retiro, fecha_orden, id, usuario_nombre_usuario, notas) VALUES (5, DATE_SUB(CURDATE(), INTERVAL 10 DAY), DATE_SUB(CURDATE(), INTERVAL 28 DAY), CONCAT(DATE_SUB(DATE(CURDATE()), INTERVAL 30 DAY), ' 16:30:21'), 27, 'brian', 'Solicito un ukelele con cuerdas de nylon de alta calidad.');
INSERT INTO soundseeker.reserva (calificacion, fecha_entrega, fecha_retiro, fecha_orden, id, usuario_nombre_usuario, notas) VALUES (2, DATE_SUB(CURDATE(), INTERVAL 7 DAY), DATE_SUB(CURDATE(), INTERVAL 24 DAY), CONCAT(DATE_SUB(DATE(CURDATE()), INTERVAL 27 DAY), ' 14:00:55'), 28, 'mauri', 'Requerimos el amplificador con múltiples efectos para ensayo.');
INSERT INTO soundseeker.reserva (calificacion, fecha_entrega, fecha_retiro, fecha_orden, id, usuario_nombre_usuario, notas) VALUES (null, DATE_ADD(CURDATE(), INTERVAL 2 DAY), DATE_SUB(CURDATE(), INTERVAL 20 DAY), CONCAT(DATE_SUB(DATE(CURDATE()), INTERVAL 23 DAY), ' 18:55:59'), 29, 'brian', 'Solicito extensión de cable para el amplificador del bajo eléctrico.');
INSERT INTO soundseeker.reserva (calificacion, fecha_entrega, fecha_retiro, fecha_orden, id, usuario_nombre_usuario, notas) VALUES (null, DATE_SUB(CURDATE(), INTERVAL 4 DAY), DATE_SUB(CURDATE(), INTERVAL 19 DAY), CONCAT(DATE_SUB(DATE(CURDATE()), INTERVAL 22 DAY), ' 09:24:10'), 30, 'agus', 'Por favor confirmar que el violonchelo incluye arco de fibra de carbono.');
INSERT INTO soundseeker.reserva (calificacion, fecha_entrega, fecha_retiro, fecha_orden, id, usuario_nombre_usuario, notas) VALUES (null, DATE_ADD(CURDATE(), INTERVAL 34 DAY), DATE_SUB(CURDATE(), INTERVAL 9 DAY), CONCAT(DATE_SUB(DATE(CURDATE()), INTERVAL 21 DAY), ' 14:30:52'), 31, 'mauri', 'Por favor, incluir atril y sordina para el violín.');
INSERT INTO soundseeker.reserva (calificacion, fecha_entrega, fecha_retiro, fecha_orden, id, usuario_nombre_usuario, notas) VALUES (5, DATE_SUB(CURDATE(), INTERVAL 2 DAY), DATE_SUB(CURDATE(), INTERVAL 17 DAY), CONCAT(DATE_SUB(DATE(CURDATE()), INTERVAL 20 DAY), ' 08:30:00'), 32, 'lucia', 'Requiero entrega temprana por evento en la mañana, antes de las 9 am.');
INSERT INTO soundseeker.reserva (calificacion, fecha_entrega, fecha_retiro, fecha_orden, id, usuario_nombre_usuario, notas) VALUES (3, DATE_SUB(CURDATE(), INTERVAL 4 DAY), DATE_SUB(CURDATE(), INTERVAL 18 DAY), CONCAT(DATE_SUB(DATE(CURDATE()), INTERVAL 20 DAY), ' 09:00:00'), 33, 'mauri', 'Confirmar que el amplificador tiene entrada USB para backing tracks.');
INSERT INTO soundseeker.reserva (calificacion, fecha_entrega, fecha_retiro, fecha_orden, id, usuario_nombre_usuario, notas) VALUES (null, DATE_ADD(CURDATE(), INTERVAL 12 DAY), DATE_SUB(CURDATE(), INTERVAL 10 DAY), CONCAT(DATE_SUB(DATE(CURDATE()), INTERVAL 19 DAY), ' 18:22:11'), 34, 'uriel', 'Requerimos instalación de sonido para el evento de Navidad.');
INSERT INTO soundseeker.reserva (calificacion, fecha_entrega, fecha_retiro, fecha_orden, id, usuario_nombre_usuario, notas) VALUES (null, DATE_ADD(CURDATE(), INTERVAL 23 DAY), DATE_SUB(CURDATE(), INTERVAL 0 DAY), CONCAT(DATE_SUB(DATE(CURDATE()), INTERVAL 18 DAY), ' 09:45:00'), 35, 'brian', 'El bajo debe venir con amplificador adecuado para conciertos.');
INSERT INTO soundseeker.reserva (calificacion, fecha_entrega, fecha_retiro, fecha_orden, id, usuario_nombre_usuario, notas) VALUES (null, DATE_ADD(CURDATE(), INTERVAL 5 DAY), DATE_SUB(CURDATE(), INTERVAL 9 DAY), CONCAT(DATE_SUB(DATE(CURDATE()), INTERVAL 13 DAY), ' 14:30:25'), 36, 'mauri', 'Por favor, incluir un set de correas adicionales para el acordeón.');
INSERT INTO soundseeker.reserva (calificacion, fecha_entrega, fecha_retiro, fecha_orden, id, usuario_nombre_usuario, notas) VALUES (null, DATE_ADD(CURDATE(), INTERVAL 5 DAY), DATE_SUB(CURDATE(), INTERVAL 9 DAY), CONCAT(DATE_SUB(DATE(CURDATE()), INTERVAL 13 DAY), ' 15:55:20'), 37, 'mauri', 'Alquiler de una trompeta con sordina y kit de limpieza incluido.');
INSERT INTO soundseeker.reserva (calificacion, fecha_entrega, fecha_retiro, fecha_orden, id, usuario_nombre_usuario, notas) VALUES (null, DATE_ADD(CURDATE(), INTERVAL 6 DAY), DATE_SUB(CURDATE(), INTERVAL 8 DAY), CONCAT(DATE_SUB(DATE(CURDATE()), INTERVAL 12 DAY), ' 09:00:00'), 38, 'diego', 'Necesito que la flauta sea específicamente una Yamaha, modelo YFL-222.');
INSERT INTO soundseeker.reserva (calificacion, fecha_entrega, fecha_retiro, fecha_orden, id, usuario_nombre_usuario, notas) VALUES (1, DATE_SUB(CURDATE(), INTERVAL 2 DAY), DATE_SUB(CURDATE(), INTERVAL 9 DAY), CONCAT(DATE_SUB(DATE(CURDATE()), INTERVAL 12 DAY), ' 11:25:45'), 39, 'brian', 'Solicita un ukelele con afinador digital incluido para principiantes.');
INSERT INTO soundseeker.reserva (calificacion, fecha_entrega, fecha_retiro, fecha_orden, id, usuario_nombre_usuario, notas) VALUES (null, DATE_ADD(CURDATE(), INTERVAL 4 DAY), DATE_SUB(CURDATE(), INTERVAL 10 DAY), CONCAT(DATE_SUB(DATE(CURDATE()), INTERVAL 12 DAY), ' 14:15:30'), 40, 'pedro', 'Solicito una flauta traversa con estuche acolchado para protección durante el transporte.');
INSERT INTO soundseeker.reserva (calificacion, fecha_entrega, fecha_retiro, fecha_orden, id, usuario_nombre_usuario, notas) VALUES (null, DATE_ADD(CURDATE(), INTERVAL 6 DAY), DATE_SUB(CURDATE(), INTERVAL 8 DAY), CONCAT(DATE_SUB(DATE(CURDATE()), INTERVAL 11 DAY), ' 09:25:10'), 41, 'brian', 'Necesitamos alquilar un contrabajo con todas las cuerdas recientemente reemplazadas.');
INSERT INTO soundseeker.reserva (calificacion, fecha_entrega, fecha_retiro, fecha_orden, id, usuario_nombre_usuario, notas) VALUES (null, DATE_ADD(CURDATE(), INTERVAL 8 DAY), DATE_SUB(CURDATE(), INTERVAL 6 DAY), CONCAT(DATE_SUB(DATE(CURDATE()), INTERVAL 11 DAY), ' 09:45:50'), 42, 'lucia', 'La trompeta debe venir con un boquillero y aceite para las válvulas.');
INSERT INTO soundseeker.reserva (calificacion, fecha_entrega, fecha_retiro, fecha_orden, id, usuario_nombre_usuario, notas) VALUES (null, DATE_ADD(CURDATE(), INTERVAL 6 DAY), DATE_SUB(CURDATE(), INTERVAL 8 DAY), CONCAT(DATE_SUB(DATE(CURDATE()), INTERVAL 11 DAY), ' 10:10:45'), 43, 'david', 'El acordeón debe estar afinado y listo para uso en concierto de folk.');
INSERT INTO soundseeker.reserva (calificacion, fecha_entrega, fecha_retiro, fecha_orden, id, usuario_nombre_usuario, notas) VALUES (null, DATE_ADD(CURDATE(), INTERVAL 7 DAY), DATE_SUB(CURDATE(), INTERVAL 7 DAY), CONCAT(DATE_SUB(DATE(CURDATE()), INTERVAL 11 DAY), ' 10:35:00'), 44, 'pedro', 'Solicito que el piano incluya un soporte resistente y un pedal de sostenido.');
INSERT INTO soundseeker.reserva (calificacion, fecha_entrega, fecha_retiro, fecha_orden, id, usuario_nombre_usuario, notas) VALUES (null, DATE_SUB(CURDATE(), INTERVAL 0 DAY), DATE_SUB(CURDATE(), INTERVAL 7 DAY), CONCAT(DATE_SUB(DATE(CURDATE()), INTERVAL 10 DAY), ' 08:50:30'), 45, 'pedro', 'Se requiere alquiler de una guitarra eléctrica Fender Stratocaster con amplificador.');
INSERT INTO soundseeker.reserva (calificacion, fecha_entrega, fecha_retiro, fecha_orden, id, usuario_nombre_usuario, notas) VALUES (null, DATE_ADD(CURDATE(), INTERVAL 6 DAY), DATE_SUB(CURDATE(), INTERVAL 8 DAY), CONCAT(DATE_SUB(DATE(CURDATE()), INTERVAL 10 DAY), ' 14:45:22'), 46, 'david', 'Se requiere un bajo eléctrico con amplificador incluido. ');
INSERT INTO soundseeker.reserva (calificacion, fecha_entrega, fecha_retiro, fecha_orden, id, usuario_nombre_usuario, notas) VALUES (null, DATE_ADD(CURDATE(), INTERVAL 16 DAY), DATE_SUB(CURDATE(), INTERVAL 5 DAY), CONCAT(DATE_SUB(DATE(CURDATE()), INTERVAL 10 DAY), ' 16:50:00'), 47, 'lucia', 'El violín alquilado debe tener cuerdas Dominant y una almohadilla para el hombro.');
INSERT INTO soundseeker.reserva (calificacion, fecha_entrega, fecha_retiro, fecha_orden, id, usuario_nombre_usuario, notas) VALUES (null, DATE_ADD(CURDATE(), INTERVAL 7 DAY), DATE_SUB(CURDATE(), INTERVAL 7 DAY), CONCAT(DATE_SUB(DATE(CURDATE()), INTERVAL 10 DAY), ' 17:45:55'), 48, 'diego', 'Incluir en el alquiler un sintetizador con capacidad de secuenciación para producción musical.');
INSERT INTO soundseeker.reserva (calificacion, fecha_entrega, fecha_retiro, fecha_orden, id, usuario_nombre_usuario, notas) VALUES (null, DATE_ADD(CURDATE(), INTERVAL 10 DAY), DATE_SUB(CURDATE(), INTERVAL 4 DAY), CONCAT(DATE_SUB(DATE(CURDATE()), INTERVAL 10 DAY), ' 18:10:35'), 49, 'david', 'Asegurarse de que el saxofón alto incluya cañas de resistencia 2.5.');
INSERT INTO soundseeker.reserva (calificacion, fecha_entrega, fecha_retiro, fecha_orden, id, usuario_nombre_usuario, notas) VALUES (null, DATE_ADD(CURDATE(), INTERVAL 8 DAY), DATE_SUB(CURDATE(), INTERVAL 6 DAY), CONCAT(DATE_SUB(DATE(CURDATE()), INTERVAL 10 DAY), ' 18:30:50'), 50, 'uriel', 'Solicito un saxofón alto, preferiblemente de la marca Yamaha, para sesión de jazz.');
INSERT INTO soundseeker.reserva (calificacion, fecha_entrega, fecha_retiro, fecha_orden, id, usuario_nombre_usuario, notas) VALUES (null, DATE_SUB(CURDATE(), INTERVAL 5 DAY), DATE_SUB(CURDATE(), INTERVAL 7 DAY), CONCAT(DATE_SUB(DATE(CURDATE()), INTERVAL 9 DAY), ' 08:01:47'), 51, 'pedro', 'Por favor confirmar que la trompeta incluya sordina y estuche rígido.');
INSERT INTO soundseeker.reserva (calificacion, fecha_entrega, fecha_retiro, fecha_orden, id, usuario_nombre_usuario, notas) VALUES (null, DATE_ADD(CURDATE(), INTERVAL 5 DAY), DATE_SUB(CURDATE(), INTERVAL 8 DAY), CONCAT(DATE_SUB(DATE(CURDATE()), INTERVAL 9 DAY), ' 08:10:42'), 52, 'uriel', 'Reservar un set de bongos para práctica de ritmos latinos.');
INSERT INTO soundseeker.reserva (calificacion, fecha_entrega, fecha_retiro, fecha_orden, id, usuario_nombre_usuario, notas) VALUES (null, DATE_ADD(CURDATE(), INTERVAL 12 DAY), DATE_SUB(CURDATE(), INTERVAL 2 DAY), CONCAT(DATE_SUB(DATE(CURDATE()), INTERVAL 9 DAY), ' 10:15:55'), 53, 'mauri', 'Requiero una guitarra clásica con cuerdas de nylon de alta tensión.');
INSERT INTO soundseeker.reserva (calificacion, fecha_entrega, fecha_retiro, fecha_orden, id, usuario_nombre_usuario, notas) VALUES (null, DATE_ADD(CURDATE(), INTERVAL 10 DAY), DATE_SUB(CURDATE(), INTERVAL 4 DAY), CONCAT(DATE_SUB(DATE(CURDATE()), INTERVAL 9 DAY), ' 10:38:49'), 54, 'lucia', 'Se requieren maracas de tamaño profesional con sonido en vivo para concierto.');
INSERT INTO soundseeker.reserva (calificacion, fecha_entrega, fecha_retiro, fecha_orden, id, usuario_nombre_usuario, notas) VALUES (null, DATE_ADD(CURDATE(), INTERVAL 31 DAY), DATE_SUB(CURDATE(), INTERVAL 4 DAY), CONCAT(DATE_SUB(DATE(CURDATE()), INTERVAL 9 DAY), ' 11:15:00'), 55, 'brian', 'Por favor, que el bombo de la batería venga con un muffle para controlar el rebote.');
INSERT INTO soundseeker.reserva (calificacion, fecha_entrega, fecha_retiro, fecha_orden, id, usuario_nombre_usuario, notas) VALUES (null, DATE_ADD(CURDATE(), INTERVAL 35 DAY), DATE_SUB(CURDATE(), INTERVAL 5 DAY), CONCAT(DATE_SUB(DATE(CURDATE()), INTERVAL 9 DAY), ' 13:20:35'), 56, 'agus', 'Necesitamos una batería completa con platillos y doble pedal para grabación de álbum.');
INSERT INTO soundseeker.reserva (calificacion, fecha_entrega, fecha_retiro, fecha_orden, id, usuario_nombre_usuario, notas) VALUES (null, DATE_ADD(CURDATE(), INTERVAL 6 DAY), DATE_SUB(CURDATE(), INTERVAL 7 DAY), CONCAT(DATE_SUB(DATE(CURDATE()), INTERVAL 9 DAY), ' 13:20:45'), 57, 'agus', 'Agradezco confirmar que la viola viene con arco y resina incluidos.');
INSERT INTO soundseeker.reserva (calificacion, fecha_entrega, fecha_retiro, fecha_orden, id, usuario_nombre_usuario, notas) VALUES (null, DATE_ADD(CURDATE(), INTERVAL 2 DAY), DATE_SUB(CURDATE(), INTERVAL 5 DAY), CONCAT(DATE_SUB(DATE(CURDATE()), INTERVAL 9 DAY), ' 16:05:10'), 58, 'diego', 'Entrega de violín Stradivarius réplica con arco de fibra de carbono para concierto.');
INSERT INTO soundseeker.reserva (calificacion, fecha_entrega, fecha_retiro, fecha_orden, id, usuario_nombre_usuario, notas) VALUES (null, DATE_ADD(CURDATE(), INTERVAL 24 DAY), DATE_SUB(CURDATE(), INTERVAL 2 DAY), CONCAT(DATE_SUB(DATE(CURDATE()), INTERVAL 9 DAY), ' 16:05:45'), 59, 'brian', 'Requerimos que la batería tenga parches de doble capa para un sonido más profundo.');
INSERT INTO soundseeker.reserva (calificacion, fecha_entrega, fecha_retiro, fecha_orden, id, usuario_nombre_usuario, notas) VALUES (null, DATE_ADD(CURDATE(), INTERVAL 12 DAY), DATE_SUB(CURDATE(), INTERVAL 2 DAY), CONCAT(DATE_SUB(DATE(CURDATE()), INTERVAL 9 DAY), ' 16:05:45'), 60, 'brian', 'Necesito un set de microfonía para batería lista para usar en concierto de rock.');
INSERT INTO soundseeker.reserva (calificacion, fecha_entrega, fecha_retiro, fecha_orden, id, usuario_nombre_usuario, notas) VALUES (null, DATE_ADD(CURDATE(), INTERVAL 11 DAY), DATE_SUB(CURDATE(), INTERVAL 3 DAY), CONCAT(DATE_SUB(DATE(CURDATE()), INTERVAL 8 DAY), ' 09:50:00'), 61, 'lucia', 'Por favor proveer un violín 4/4 con cuerdas Dominant y resina incluida para estudiante avanzado.');
INSERT INTO soundseeker.reserva (calificacion, fecha_entrega, fecha_retiro, fecha_orden, id, usuario_nombre_usuario, notas) VALUES (null, DATE_ADD(CURDATE(), INTERVAL 7 DAY), DATE_SUB(CURDATE(), INTERVAL 6 DAY), CONCAT(DATE_SUB(DATE(CURDATE()), INTERVAL 8 DAY), ' 10:50:25'), 62, 'diego', 'Se requiere un teclado con opción de sonidos orquestales para evento.');
INSERT INTO soundseeker.reserva (calificacion, fecha_entrega, fecha_retiro, fecha_orden, id, usuario_nombre_usuario, notas) VALUES (null, DATE_ADD(CURDATE(), INTERVAL 21 DAY), DATE_SUB(CURDATE(), INTERVAL 0 DAY), CONCAT(DATE_SUB(DATE(CURDATE()), INTERVAL 8 DAY), ' 12:20:10'), 63, 'agus', 'La guitarra clásica debe estar equipada con cuerdas de nylon de alta tensión y entregar en funda rígida.');
INSERT INTO soundseeker.reserva (calificacion, fecha_entrega, fecha_retiro, fecha_orden, id, usuario_nombre_usuario, notas) VALUES (null, DATE_ADD(CURDATE(), INTERVAL 21 DAY), DATE_SUB(CURDATE(), INTERVAL 0 DAY), CONCAT(DATE_SUB(DATE(CURDATE()), INTERVAL 8 DAY), ' 12:20:10'), 64, 'agus', 'Por favor asegurarse de que la guitarra clásica venga con cuerdas de nylon de alta calidad.');
INSERT INTO soundseeker.reserva (calificacion, fecha_entrega, fecha_retiro, fecha_orden, id, usuario_nombre_usuario, notas) VALUES (null, DATE_ADD(CURDATE(), INTERVAL 34 DAY), DATE_SUB(CURDATE(), INTERVAL 1 DAY), CONCAT(DATE_SUB(DATE(CURDATE()), INTERVAL 8 DAY), ' 13:45:00'), 65, 'uriel', 'Incluir un set de surdos con diversos tamaños para la batucada del festival.');
INSERT INTO soundseeker.reserva (calificacion, fecha_entrega, fecha_retiro, fecha_orden, id, usuario_nombre_usuario, notas) VALUES (null, DATE_ADD(CURDATE(), INTERVAL 10 DAY), DATE_SUB(CURDATE(), INTERVAL 4 DAY), CONCAT(DATE_SUB(DATE(CURDATE()), INTERVAL 8 DAY), ' 14:15:20'), 66, 'uriel', 'Alquiler de pandero para uso en ensamble de música regional.');
INSERT INTO soundseeker.reserva (calificacion, fecha_entrega, fecha_retiro, fecha_orden, id, usuario_nombre_usuario, notas) VALUES (null, DATE_ADD(CURDATE(), INTERVAL 24 DAY), DATE_SUB(CURDATE(), INTERVAL 2 DAY), CONCAT(DATE_SUB(DATE(CURDATE()), INTERVAL 8 DAY), ' 16:20:40'), 67, 'agus', 'Por favor confirmar que el bombo viene con pedal y baquetas adecuadas para banda.');
INSERT INTO soundseeker.reserva (calificacion, fecha_entrega, fecha_retiro, fecha_orden, id, usuario_nombre_usuario, notas) VALUES (null, DATE_ADD(CURDATE(), INTERVAL 28 DAY), DATE_SUB(CURDATE(), INTERVAL 4 DAY), CONCAT(DATE_SUB(DATE(CURDATE()), INTERVAL 8 DAY), ' 17:25:07'), 68, 'mauri', 'Pedido de chelo con medidas para estudiante de nivel intermedio.');
INSERT INTO soundseeker.reserva (calificacion, fecha_entrega, fecha_retiro, fecha_orden, id, usuario_nombre_usuario, notas) VALUES (null, DATE_ADD(CURDATE(), INTERVAL 29 DAY), DATE_ADD(CURDATE(), INTERVAL 1 DAY), CONCAT(DATE_SUB(DATE(CURDATE()), INTERVAL 7 DAY), ' 14:30:00'), 69, 'agus', 'El bajo debe ser un Fender Jazz Bass y traer correas confortables.');
INSERT INTO soundseeker.reserva (calificacion, fecha_entrega, fecha_retiro, fecha_orden, id, usuario_nombre_usuario, notas) VALUES (4, DATE_SUB(CURDATE(), INTERVAL 1 DAY), DATE_SUB(CURDATE(), INTERVAL 5 DAY), CONCAT(DATE_SUB(DATE(CURDATE()), INTERVAL 7 DAY), ' 16:04:36'), 70, 'lucia', 'Los timbales deben incluir stand y baquetas de madera.');
INSERT INTO soundseeker.reserva (calificacion, fecha_entrega, fecha_retiro, fecha_orden, id, usuario_nombre_usuario, notas) VALUES (null, DATE_ADD(CURDATE(), INTERVAL 3 DAY), DATE_SUB(CURDATE(), INTERVAL 4 DAY), CONCAT(DATE_SUB(DATE(CURDATE()), INTERVAL 7 DAY), ' 16:20:40'), 71, 'brian', 'El saxofón debe venir con boquilla de jazz específica.');
INSERT INTO soundseeker.reserva (calificacion, fecha_entrega, fecha_retiro, fecha_orden, id, usuario_nombre_usuario, notas) VALUES (null, DATE_ADD(CURDATE(), INTERVAL 12 DAY), DATE_SUB(CURDATE(), INTERVAL 2 DAY), CONCAT(DATE_SUB(DATE(CURDATE()), INTERVAL 7 DAY), ' 17:55:05'), 72, 'agus', 'Requerido un set de congas con soportes ajustables para evento de salsa.');
INSERT INTO soundseeker.reserva (calificacion, fecha_entrega, fecha_retiro, fecha_orden, id, usuario_nombre_usuario, notas) VALUES (null, DATE_ADD(CURDATE(), INTERVAL 30 DAY), DATE_ADD(CURDATE(), INTERVAL 9 DAY), CONCAT(DATE_SUB(DATE(CURDATE()), INTERVAL 6 DAY), ' 14:25:40'), 73, 'mauri', 'Solicito que la batería incluya almohadillas silenciadoras para práctica en departamento.');
INSERT INTO soundseeker.reserva (calificacion, fecha_entrega, fecha_retiro, fecha_orden, id, usuario_nombre_usuario, notas) VALUES (null, DATE_ADD(CURDATE(), INTERVAL 39 DAY), DATE_ADD(CURDATE(), INTERVAL 3 DAY), CONCAT(DATE_SUB(DATE(CURDATE()), INTERVAL 6 DAY), ' 17:20:00'), 74, 'mauri', 'Solicito que las congas sean afinables y que incluyan llaves de afinación.');
INSERT INTO soundseeker.reserva (calificacion, fecha_entrega, fecha_retiro, fecha_orden, id, usuario_nombre_usuario, notas) VALUES (null, DATE_ADD(CURDATE(), INTERVAL 34 DAY), DATE_ADD(CURDATE(), INTERVAL 6 DAY), CONCAT(DATE_SUB(DATE(CURDATE()), INTERVAL 5 DAY), ' 16:30:22'), 75, 'diego', 'Requiero un trombón con boquilla específica para jazz.');
INSERT INTO soundseeker.reserva (calificacion, fecha_entrega, fecha_retiro, fecha_orden, id, usuario_nombre_usuario, notas) VALUES (null, DATE_ADD(CURDATE(), INTERVAL 39 DAY), DATE_ADD(CURDATE(), INTERVAL 11 DAY), CONCAT(DATE_SUB(DATE(CURDATE()), INTERVAL 4 DAY), ' 09:20:47'), 76, 'mauri', 'Favor de incluir un set de micrófonos para grabar la batería acústica.');
INSERT INTO soundseeker.reserva (calificacion, fecha_entrega, fecha_retiro, fecha_orden, id, usuario_nombre_usuario, notas) VALUES (null, DATE_ADD(CURDATE(), INTERVAL 35 DAY), DATE_ADD(CURDATE(), INTERVAL 7 DAY), CONCAT(DATE_SUB(DATE(CURDATE()), INTERVAL 4 DAY), ' 11:50:00'), 77, 'uriel', 'Solicito una viola de tamaño completo con mentonera ajustable.');
INSERT INTO soundseeker.reserva (calificacion, fecha_entrega, fecha_retiro, fecha_orden, id, usuario_nombre_usuario, notas) VALUES (null, DATE_ADD(CURDATE(), INTERVAL 34 DAY), DATE_ADD(CURDATE(), INTERVAL 8 DAY), CONCAT(DATE_SUB(DATE(CURDATE()), INTERVAL 4 DAY), ' 15:30:30'), 78, 'agus', 'Requiere un teclado con sensibilidad al tacto y banco ajustable para el intérprete.');
INSERT INTO soundseeker.reserva (calificacion, fecha_entrega, fecha_retiro, fecha_orden, id, usuario_nombre_usuario, notas) VALUES (null, DATE_ADD(CURDATE(), INTERVAL 51 DAY), DATE_ADD(CURDATE(), INTERVAL 11 DAY), CONCAT(DATE_SUB(DATE(CURDATE()), INTERVAL 3 DAY), ' 13:50:25'), 79, 'pedro', 'Solicito una flauta traversa profesional con mecanismo de giro francés.');
INSERT INTO soundseeker.reserva (calificacion, fecha_entrega, fecha_retiro, fecha_orden, id, usuario_nombre_usuario, notas) VALUES (null, DATE_ADD(CURDATE(), INTERVAL 29 DAY), DATE_ADD(CURDATE(), INTERVAL 8 DAY), CONCAT(DATE_SUB(DATE(CURDATE()), INTERVAL 3 DAY), ' 14:10:36'), 80, 'agus', 'Por favor, incluir pedal de efectos con el alquiler de la guitarra eléctrica.');
INSERT INTO soundseeker.reserva (calificacion, fecha_entrega, fecha_retiro, fecha_orden, id, usuario_nombre_usuario, notas) VALUES (null, DATE_ADD(CURDATE(), INTERVAL 44 DAY), DATE_ADD(CURDATE(), INTERVAL 9 DAY), CONCAT(DATE_SUB(DATE(CURDATE()), INTERVAL 2 DAY), ' 08:45:55'), 81, 'lucia', 'Necesito un piano digital con teclas contrapesadas y conexión MIDI.');
INSERT INTO soundseeker.reserva (calificacion, fecha_entrega, fecha_retiro, fecha_orden, id, usuario_nombre_usuario, notas) VALUES (null, DATE_ADD(CURDATE(), INTERVAL 62 DAY), DATE_ADD(CURDATE(), INTERVAL 8 DAY), CONCAT(DATE_SUB(DATE(CURDATE()), INTERVAL 2 DAY), ' 09:24:54'), 82, 'lucia', 'Solicito la reserva de un piano de cola para un concierto de año nuevo.');
INSERT INTO soundseeker.reserva (calificacion, fecha_entrega, fecha_retiro, fecha_orden, id, usuario_nombre_usuario, notas) VALUES (null, DATE_ADD(CURDATE(), INTERVAL 25 DAY), DATE_ADD(CURDATE(), INTERVAL 10 DAY), CONCAT(DATE_SUB(DATE(CURDATE()), INTERVAL 2 DAY), ' 10:35:25'), 83, 'brian', 'Por favor asegurarse de que el violín sea de tamaño 3/4 y esté acompañado de resina.');
INSERT INTO soundseeker.reserva (calificacion, fecha_entrega, fecha_retiro, fecha_orden, id, usuario_nombre_usuario, notas) VALUES (null, DATE_ADD(CURDATE(), INTERVAL 27 DAY), DATE_ADD(CURDATE(), INTERVAL 12 DAY), CONCAT(DATE_SUB(DATE(CURDATE()), INTERVAL 2 DAY), ' 17:15:40'), 84, 'david', 'Se requiere un sintetizador análogo con teclado de 61 teclas para evento.');
INSERT INTO soundseeker.reserva (calificacion, fecha_entrega, fecha_retiro, fecha_orden, id, usuario_nombre_usuario, notas) VALUES (null, DATE_ADD(CURDATE(), INTERVAL 27 DAY), DATE_ADD(CURDATE(), INTERVAL 6 DAY), CONCAT(DATE_SUB(DATE(CURDATE()), INTERVAL 1 DAY), ' 09:10:00'), 85, 'david', 'Favor incluir un atril y partituras para estudiantes con el alquiler del saxofón.');
INSERT INTO soundseeker.reserva (calificacion, fecha_entrega, fecha_retiro, fecha_orden, id, usuario_nombre_usuario, notas) VALUES (null, DATE_ADD(CURDATE(), INTERVAL 55 DAY), DATE_ADD(CURDATE(), INTERVAL 13 DAY), CONCAT(DATE_SUB(DATE(CURDATE()), INTERVAL 1 DAY), ' 10:05:30'), 86, 'lucia', 'Por favor asegurar que el contrabajo tenga cuerdas nuevas y arco de calidad.');
INSERT INTO soundseeker.reserva (calificacion, fecha_entrega, fecha_retiro, fecha_orden, id, usuario_nombre_usuario, notas) VALUES (null, DATE_ADD(CURDATE(), INTERVAL 31 DAY), DATE_ADD(CURDATE(), INTERVAL 10 DAY), CONCAT(DATE_SUB(DATE(CURDATE()), INTERVAL 1 DAY), ' 12:30:10'), 87, 'brian', 'El violonchelo debe tener cuerdas de acero y arco de fibra de carbono.');
INSERT INTO soundseeker.reserva (calificacion, fecha_entrega, fecha_retiro, fecha_orden, id, usuario_nombre_usuario, notas) VALUES (null, DATE_ADD(CURDATE(), INTERVAL 26 DAY), DATE_ADD(CURDATE(), INTERVAL 11 DAY), CONCAT(DATE_SUB(DATE(CURDATE()), INTERVAL 1 DAY), ' 17:05:50'), 88, 'pedro', 'Necesito que el bajo eléctrico venga con su amplificador y cable para ensayo.');
INSERT INTO soundseeker.reserva (calificacion, fecha_entrega, fecha_retiro, fecha_orden, id, usuario_nombre_usuario, notas) VALUES (null, DATE_ADD(CURDATE(), INTERVAL 21 DAY), DATE_ADD(CURDATE(), INTERVAL 7 DAY), CONCAT(DATE_SUB(DATE(CURDATE()), INTERVAL 0 DAY), ' 12:00:15'), 89, 'lucia', 'La guitarra acústica debe venir con un juego extra de cuerdas y un capo.');
INSERT INTO soundseeker.reserva (calificacion, fecha_entrega, fecha_retiro, fecha_orden, id, usuario_nombre_usuario, notas) VALUES (null, DATE_ADD(CURDATE(), INTERVAL 28 DAY), DATE_ADD(CURDATE(), INTERVAL 14 DAY), CONCAT(DATE_SUB(DATE(CURDATE()), INTERVAL 0 DAY), ' 15:55:00'), 90, 'diego', 'Necesito un set de percusión latina completo para una serie de talleres.');
INSERT INTO soundseeker.producto_reserva (producto_id, reserva_id) VALUES (28, 1);
INSERT INTO soundseeker.producto_reserva (producto_id, reserva_id) VALUES (3, 2);
INSERT INTO soundseeker.producto_reserva (producto_id, reserva_id) VALUES (5, 3);
INSERT INTO soundseeker.producto_reserva (producto_id, reserva_id) VALUES (19, 4);
INSERT INTO soundseeker.producto_reserva (producto_id, reserva_id) VALUES (22, 5);
INSERT INTO soundseeker.producto_reserva (producto_id, reserva_id) VALUES (12, 6);
INSERT INTO soundseeker.producto_reserva (producto_id, reserva_id) VALUES (27, 7);
INSERT INTO soundseeker.producto_reserva (producto_id, reserva_id) VALUES (32, 8);
INSERT INTO soundseeker.producto_reserva (producto_id, reserva_id) VALUES (13, 9);
INSERT INTO soundseeker.producto_reserva (producto_id, reserva_id) VALUES (2, 10);
INSERT INTO soundseeker.producto_reserva (producto_id, reserva_id) VALUES (14, 11);
INSERT INTO soundseeker.producto_reserva (producto_id, reserva_id) VALUES (3, 12);
INSERT INTO soundseeker.producto_reserva (producto_id, reserva_id) VALUES (33, 13);
INSERT INTO soundseeker.producto_reserva (producto_id, reserva_id) VALUES (30, 14);
INSERT INTO soundseeker.producto_reserva (producto_id, reserva_id) VALUES (1, 15);
INSERT INTO soundseeker.producto_reserva (producto_id, reserva_id) VALUES (25, 16);
INSERT INTO soundseeker.producto_reserva (producto_id, reserva_id) VALUES (19, 17);
INSERT INTO soundseeker.producto_reserva (producto_id, reserva_id) VALUES (20, 18);
INSERT INTO soundseeker.producto_reserva (producto_id, reserva_id) VALUES (26, 19);
INSERT INTO soundseeker.producto_reserva (producto_id, reserva_id) VALUES (23, 20);
INSERT INTO soundseeker.producto_reserva (producto_id, reserva_id) VALUES (31, 21);
INSERT INTO soundseeker.producto_reserva (producto_id, reserva_id) VALUES (29, 22);
INSERT INTO soundseeker.producto_reserva (producto_id, reserva_id) VALUES (24, 23);
INSERT INTO soundseeker.producto_reserva (producto_id, reserva_id) VALUES (17, 24);
INSERT INTO soundseeker.producto_reserva (producto_id, reserva_id) VALUES (7, 25);
INSERT INTO soundseeker.producto_reserva (producto_id, reserva_id) VALUES (28, 26);
INSERT INTO soundseeker.producto_reserva (producto_id, reserva_id) VALUES (4, 27);
INSERT INTO soundseeker.producto_reserva (producto_id, reserva_id) VALUES (3, 28);
INSERT INTO soundseeker.producto_reserva (producto_id, reserva_id) VALUES (5, 29);
INSERT INTO soundseeker.producto_reserva (producto_id, reserva_id) VALUES (34, 30);
INSERT INTO soundseeker.producto_reserva (producto_id, reserva_id) VALUES (33, 31);
INSERT INTO soundseeker.producto_reserva (producto_id, reserva_id) VALUES (18, 32);
INSERT INTO soundseeker.producto_reserva (producto_id, reserva_id) VALUES (25, 33);
INSERT INTO soundseeker.producto_reserva (producto_id, reserva_id) VALUES (14, 34);
INSERT INTO soundseeker.producto_reserva (producto_id, reserva_id) VALUES (2, 35);
INSERT INTO soundseeker.producto_reserva (producto_id, reserva_id) VALUES (45, 36);
INSERT INTO soundseeker.producto_reserva (producto_id, reserva_id) VALUES (74, 37);
INSERT INTO soundseeker.producto_reserva (producto_id, reserva_id) VALUES (82, 38);
INSERT INTO soundseeker.producto_reserva (producto_id, reserva_id) VALUES (42, 39);
INSERT INTO soundseeker.producto_reserva (producto_id, reserva_id) VALUES (83, 40);
INSERT INTO soundseeker.producto_reserva (producto_id, reserva_id) VALUES (92, 41);
INSERT INTO soundseeker.producto_reserva (producto_id, reserva_id) VALUES (75, 42);
INSERT INTO soundseeker.producto_reserva (producto_id, reserva_id) VALUES (46, 43);
INSERT INTO soundseeker.producto_reserva (producto_id, reserva_id) VALUES (12, 44);
INSERT INTO soundseeker.producto_reserva (producto_id, reserva_id) VALUES (38, 45);
INSERT INTO soundseeker.producto_reserva (producto_id, reserva_id) VALUES (39, 46);
INSERT INTO soundseeker.producto_reserva (producto_id, reserva_id) VALUES (88, 47);
INSERT INTO soundseeker.producto_reserva (producto_id, reserva_id) VALUES (52, 48);
INSERT INTO soundseeker.producto_reserva (producto_id, reserva_id) VALUES (78, 49);
INSERT INTO soundseeker.producto_reserva (producto_id, reserva_id) VALUES (77, 50);
INSERT INTO soundseeker.producto_reserva (producto_id, reserva_id) VALUES (76, 51);
INSERT INTO soundseeker.producto_reserva (producto_id, reserva_id) VALUES (63, 52);
INSERT INTO soundseeker.producto_reserva (producto_id, reserva_id) VALUES (43, 53);
INSERT INTO soundseeker.producto_reserva (producto_id, reserva_id) VALUES (65, 54);
INSERT INTO soundseeker.producto_reserva (producto_id, reserva_id) VALUES (18, 55);
INSERT INTO soundseeker.producto_reserva (producto_id, reserva_id) VALUES (25, 56);
INSERT INTO soundseeker.producto_reserva (producto_id, reserva_id) VALUES (90, 57);
INSERT INTO soundseeker.producto_reserva (producto_id, reserva_id) VALUES (89, 58);
INSERT INTO soundseeker.producto_reserva (producto_id, reserva_id) VALUES (22, 59);
INSERT INTO soundseeker.producto_reserva (producto_id, reserva_id) VALUES (23, 60);
INSERT INTO soundseeker.producto_reserva (producto_id, reserva_id) VALUES (34, 61);
INSERT INTO soundseeker.producto_reserva (producto_id, reserva_id) VALUES (19, 62);
INSERT INTO soundseeker.producto_reserva (producto_id, reserva_id) VALUES (35, 63);
INSERT INTO soundseeker.producto_reserva (producto_id, reserva_id) VALUES (37, 64);
INSERT INTO soundseeker.producto_reserva (producto_id, reserva_id) VALUES (58, 65);
INSERT INTO soundseeker.producto_reserva (producto_id, reserva_id) VALUES (16, 66);
INSERT INTO soundseeker.producto_reserva (producto_id, reserva_id) VALUES (64, 67);
INSERT INTO soundseeker.producto_reserva (producto_id, reserva_id) VALUES (94, 68);
INSERT INTO soundseeker.producto_reserva (producto_id, reserva_id) VALUES (40, 69);
INSERT INTO soundseeker.producto_reserva (producto_id, reserva_id) VALUES (56, 70);
INSERT INTO soundseeker.producto_reserva (producto_id, reserva_id) VALUES (79, 71);
INSERT INTO soundseeker.producto_reserva (producto_id, reserva_id) VALUES (62, 72);
INSERT INTO soundseeker.producto_reserva (producto_id, reserva_id) VALUES (26, 73);
INSERT INTO soundseeker.producto_reserva (producto_id, reserva_id) VALUES (60, 74);
INSERT INTO soundseeker.producto_reserva (producto_id, reserva_id) VALUES (80, 75);
INSERT INTO soundseeker.producto_reserva (producto_id, reserva_id) VALUES (24, 76);
INSERT INTO soundseeker.producto_reserva (producto_id, reserva_id) VALUES (91, 77);
INSERT INTO soundseeker.producto_reserva (producto_id, reserva_id) VALUES (21, 78);
INSERT INTO soundseeker.producto_reserva (producto_id, reserva_id) VALUES (83, 79);
INSERT INTO soundseeker.producto_reserva (producto_id, reserva_id) VALUES (1, 80);
INSERT INTO soundseeker.producto_reserva (producto_id, reserva_id) VALUES (54, 81);
INSERT INTO soundseeker.producto_reserva (producto_id, reserva_id) VALUES (10, 82);
INSERT INTO soundseeker.producto_reserva (producto_id, reserva_id) VALUES (32, 83);
INSERT INTO soundseeker.producto_reserva (producto_id, reserva_id) VALUES (20, 84);
INSERT INTO soundseeker.producto_reserva (producto_id, reserva_id) VALUES (78, 85);
INSERT INTO soundseeker.producto_reserva (producto_id, reserva_id) VALUES (93, 86);
INSERT INTO soundseeker.producto_reserva (producto_id, reserva_id) VALUES (96, 87);
INSERT INTO soundseeker.producto_reserva (producto_id, reserva_id) VALUES (41, 88);
INSERT INTO soundseeker.producto_reserva (producto_id, reserva_id) VALUES (36, 89);
INSERT INTO soundseeker.producto_reserva (producto_id, reserva_id) VALUES (59, 90);